original_row,filename,predicted_class,confidence
0,00000.png,16,0.98116642
1,00001.png,1,0.92484462
2,00002.png,38,0.89146298
3,00003.png,33,0.94126403
4,00004.png,11,0.93082565
5,00005.png,38,0.91102493
6,00006.png,18,0.94216400
7,00007.png,12,0.92193550
8,00008.png,25,0.92896515
9,00009.png,35,0.95949328
10,00010.png,12,0.93080848
11,00011.png,7,0.94483191
12,00012.png,29,0.21850696
13,00013.png,7,0.92245424
14,00014.png,4,0.95965660
15,00015.png,9,0.93131351
16,00016.png,21,0.98493063
17,00017.png,19,0.90555483
18,00018.png,27,0.91615778
19,00019.png,38,0.91629654
20,00020.png,4,0.94323248
21,00021.png,33,0.93258226
22,00022.png,9,0.91985869
23,00023.png,3,0.90555024
24,00024.png,1,0.90183592
25,00025.png,11,0.92755508
26,00026.png,13,0.90456820
27,00027.png,10,0.90494913
28,00028.png,9,0.91743690
29,00029.png,11,0.94795656
30,00030.png,5,0.93364674
31,00031.png,17,0.93313122
32,00032.png,34,0.93804657
33,00033.png,23,0.24503854
34,00034.png,2,0.88420558
35,00035.png,17,0.94132000
36,00036.png,3,0.93170536
37,00037.png,12,0.89430529
38,00038.png,16,0.98598784
39,00039.png,8,0.56749105
40,00040.png,7,0.92315930
41,00041.png,30,0.98224890
42,00042.png,18,0.93156564
43,00043.png,12,0.92286742
44,00044.png,24,0.98747629
45,00045.png,25,0.94382924
46,00046.png,3,0.91922337
47,00047.png,10,0.87922359
48,00048.png,18,0.96084255
49,00049.png,8,0.93494999
50,00050.png,25,0.88765389
51,00051.png,13,0.90934640
52,00052.png,15,0.94288677
53,00053.png,9,0.93676311
54,00054.png,13,0.92384577
55,00055.png,35,0.95482236
56,00056.png,5,0.93347573
57,00057.png,26,0.92813087
58,00058.png,9,0.93568218
59,00059.png,16,0.95933449
60,00060.png,38,0.90796667
61,00061.png,10,0.92996234
62,00062.png,4,0.92564553
63,00063.png,9,0.91640055
64,00064.png,15,0.84528887
65,00065.png,9,0.93132353
66,00066.png,26,0.97585547
67,00067.png,2,0.90877378
68,00068.png,5,0.91588557
69,00069.png,28,0.88696492
70,00070.png,11,0.94441366
71,00071.png,25,0.92215633
72,00072.png,11,0.96103287
73,00073.png,34,0.96094149
74,00074.png,5,0.89707524
75,00075.png,12,0.89105713
76,00076.png,1,0.62101239
77,00077.png,10,0.90957558
78,00078.png,25,0.89021331
79,00079.png,25,0.91950631
80,00080.png,21,0.97950315
81,00081.png,33,0.94529784
82,00082.png,25,0.91973692
83,00083.png,7,0.94975871
84,00084.png,10,0.90682167
85,00085.png,35,0.94354582
86,00086.png,3,0.90272391
87,00087.png,7,0.93803692
88,00088.png,22,0.95280105
89,00089.png,13,0.92570961
90,00090.png,3,0.92094284
91,00091.png,1,0.91179043
92,00092.png,2,0.87449050
93,00093.png,14,0.94761837
94,00094.png,12,0.91874272
95,00095.png,32,0.97450656
96,00096.png,3,0.91838080
97,00097.png,38,0.91124558
98,00098.png,9,0.93339443
99,00099.png,33,0.94400227
100,00100.png,1,0.92238003
101,00101.png,10,0.90367353
102,00102.png,5,0.94183594
103,00103.png,11,0.93746620
104,00104.png,33,0.91814804
105,00105.png,4,0.91032082
106,00106.png,35,0.94129276
107,00107.png,25,0.93753392
108,00108.png,33,0.94646603
109,00109.png,4,0.90135324
110,00110.png,1,0.76570827
111,00111.png,14,0.94011390
112,00112.png,16,0.97386658
113,00113.png,10,0.90999067
114,00114.png,31,0.80762398
115,00115.png,3,0.91884226
116,00116.png,27,0.96475339
117,00117.png,31,0.53046948
118,00118.png,1,0.90655774
119,00119.png,17,0.92042547
120,00120.png,13,0.89138365
121,00121.png,7,0.93017256
122,00122.png,1,0.91325086
123,00123.png,8,0.93504900
124,00124.png,2,0.90003723
125,00125.png,10,0.90936577
126,00126.png,10,0.91623008
127,00127.png,11,0.64432174
128,00128.png,1,0.90057802
129,00129.png,6,0.93696183
130,00130.png,36,0.96432066
131,00131.png,3,0.90366066
132,00132.png,14,0.93279868
133,00133.png,13,0.91371757
134,00134.png,11,0.88981301
135,00135.png,10,0.88605762
136,00136.png,18,0.94791329
137,00137.png,40,0.83133030
138,00138.png,2,0.86984873
139,00139.png,38,0.88226330
140,00140.png,41,0.94926465
141,00141.png,4,0.91047293
142,00142.png,6,0.94895548
143,00143.png,18,0.94355309
144,00144.png,17,0.94719738
145,00145.png,25,0.92430460
146,00146.png,2,0.89498210
147,00147.png,41,0.95389503
148,00148.png,11,0.91749847
149,00149.png,21,0.97674280
150,00150.png,7,0.88607615
151,00151.png,24,0.59253722
152,00152.png,11,0.94465637
153,00153.png,25,0.93553007
154,00154.png,17,0.95037460
155,00155.png,3,0.90563697
156,00156.png,6,0.92566139
157,00157.png,9,0.86752576
158,00158.png,7,0.94041657
159,00159.png,4,0.93956929
160,00160.png,13,0.89963716
161,00161.png,16,0.98199952
162,00162.png,4,0.91769874
163,00163.png,25,0.59004450
164,00164.png,18,0.93090504
165,00165.png,9,0.93033826
166,00166.png,13,0.91711372
167,00167.png,14,0.94516015
168,00168.png,29,0.96760911
169,00169.png,17,0.93918103
170,00170.png,13,0.90882164
171,00171.png,38,0.90054733
172,00172.png,26,0.93155748
173,00173.png,25,0.94433933
174,00174.png,33,0.97585505
175,00175.png,1,0.92867893
176,00176.png,3,0.94733161
177,00177.png,40,0.91766191
178,00178.png,13,0.90402597
179,00179.png,2,0.86976713
180,00180.png,8,0.92223746
181,00181.png,4,0.92787212
182,00182.png,36,0.98030281
183,00183.png,25,0.93165588
184,00184.png,19,0.76515591
185,00185.png,25,0.91775995
186,00186.png,18,0.95222640
187,00187.png,1,0.92588806
188,00188.png,10,0.89239097
189,00189.png,8,0.94486994
190,00190.png,10,0.93462145
191,00191.png,29,0.97906727
192,00192.png,12,0.89458358
193,00193.png,38,0.87053794
194,00194.png,31,0.92856359
195,00195.png,2,0.89426339
196,00196.png,8,0.97197390
197,00197.png,38,0.83720696
198,00198.png,31,0.90915614
199,00199.png,28,0.97531432
200,00200.png,17,0.93291777
201,00201.png,9,0.90140343
202,00202.png,4,0.91077662
203,00203.png,1,0.92805701
204,00204.png,17,0.94799554
205,00205.png,9,0.91337234
206,00206.png,2,0.92008591
207,00207.png,31,0.94891554
208,00208.png,13,0.92203724
209,00209.png,15,0.94680625
210,00210.png,15,0.94704419
211,00211.png,38,0.92347920
212,00212.png,25,0.91351599
213,00213.png,5,0.94218242
214,00214.png,25,0.92587715
215,00215.png,13,0.92693263
216,00216.png,10,0.89737141
217,00217.png,5,0.91280574
218,00218.png,4,0.92561305
219,00219.png,10,0.89458388
220,00220.png,2,0.88199818
221,00221.png,4,0.91635203
222,00222.png,5,0.93836218
223,00223.png,1,0.90551865
224,00224.png,14,0.93880063
225,00225.png,12,0.91761452
226,00226.png,12,0.93160784
227,00227.png,5,0.93050098
228,00228.png,8,0.94422644
229,00229.png,36,0.97687519
230,00230.png,25,0.92875683
231,00231.png,13,0.89682299
232,00232.png,33,0.92832875
233,00233.png,18,0.95394981
234,00234.png,33,0.96975774
235,00235.png,19,0.99538761
236,00236.png,12,0.91203344
237,00237.png,20,0.81208175
238,00238.png,4,0.92725837
239,00239.png,18,0.95699024
240,00240.png,12,0.90777069
241,00241.png,13,0.91929144
242,00242.png,19,0.83154708
243,00243.png,0,0.82206899
244,00244.png,10,0.92420024
245,00245.png,40,0.89121640
246,00246.png,5,0.92193288
247,00247.png,8,0.85633481
248,00248.png,12,0.95585561
249,00249.png,38,0.93167752
250,00250.png,20,0.97358334
251,00251.png,14,0.95458496
252,00252.png,0,0.84220576
253,00253.png,36,0.97896725
254,00254.png,34,0.95947748
255,00255.png,28,0.96456772
256,00256.png,35,0.96102548
257,00257.png,13,0.90649122
258,00258.png,25,0.94345909
259,00259.png,15,0.94160593
260,00260.png,35,0.92927325
261,00261.png,14,0.95608580
262,00262.png,18,0.96248704
263,00263.png,25,0.92268538
264,00264.png,1,0.92467511
265,00265.png,12,0.89458859
266,00266.png,5,0.92138541
267,00267.png,25,0.93673623
268,00268.png,2,0.88318002
269,00269.png,18,0.92297858
270,00270.png,18,0.97558516
271,00271.png,18,0.93940157
272,00272.png,34,0.96686304
273,00273.png,9,0.93237257
274,00274.png,25,0.92088807
275,00275.png,18,0.91712844
276,00276.png,34,0.94945651
277,00277.png,39,0.98858553
278,00278.png,31,0.93750769
279,00279.png,1,0.89077157
280,00280.png,9,0.88757807
281,00281.png,35,0.89083260
282,00282.png,31,0.93107235
283,00283.png,26,0.99085999
284,00284.png,1,0.91300553
285,00285.png,1,0.93153691
286,00286.png,33,0.93989456
287,00287.png,11,0.96279073
288,00288.png,17,0.93453169
289,00289.png,13,0.89661980
290,00290.png,1,0.93348086
291,00291.png,31,0.93047363
292,00292.png,13,0.93183523
293,00293.png,35,0.95133233
294,00294.png,5,0.93715149
295,00295.png,1,0.90291095
296,00296.png,33,0.94861507
297,00297.png,28,0.98047465
298,00298.png,35,0.93384218
299,00299.png,26,0.96887559
300,00300.png,12,0.88639271
301,00301.png,5,0.91735041
302,00302.png,2,0.91294283
303,00303.png,14,0.94824374
304,00304.png,4,0.97495687
305,00305.png,3,0.93579733
306,00306.png,32,0.96747309
307,00307.png,1,0.90800244
308,00308.png,7,0.93130100
309,00309.png,40,0.83696234
310,00310.png,19,0.98611790
311,00311.png,11,0.91475183
312,00312.png,38,0.90573955
313,00313.png,38,0.85269403
314,00314.png,1,0.90970999
315,00315.png,42,0.97149044
316,00316.png,2,0.89632368
317,00317.png,40,0.96254140
318,00318.png,17,0.94703948
319,00319.png,4,0.92596525
320,00320.png,8,0.94283950
321,00321.png,4,0.92336059
322,00322.png,5,0.91435421
323,00323.png,6,0.96878707
324,00324.png,31,0.92833328
325,00325.png,35,0.92515039
326,00326.png,9,0.92500043
327,00327.png,38,0.91291374
328,00328.png,8,0.92795700
329,00329.png,2,0.90556496
330,00330.png,4,0.91284168
331,00331.png,18,0.95229352
332,00332.png,3,0.91950434
333,00333.png,25,0.92179841
334,00334.png,10,0.91486573
335,00335.png,6,0.30374613
336,00336.png,7,0.92923862
337,00337.png,34,0.93275201
338,00338.png,4,0.91366720
339,00339.png,23,0.77280790
340,00340.png,10,0.91304648
341,00341.png,29,0.97328925
342,00342.png,9,0.82095253
343,00343.png,2,0.85546261
344,00344.png,38,0.90397102
345,00345.png,38,0.88408345
346,00346.png,18,0.93474603
347,00347.png,7,0.92685163
348,00348.png,13,0.92599732
349,00349.png,28,0.95567930
350,00350.png,17,0.94800198
351,00351.png,2,0.91520423
352,00352.png,16,0.97184181
353,00353.png,14,0.94987077
354,00354.png,12,0.92052972
355,00355.png,40,0.92486340
356,00356.png,35,0.96113682
357,00357.png,3,0.93097055
358,00358.png,38,0.70484155
359,00359.png,10,0.90130329
360,00360.png,9,0.93255919
361,00361.png,38,0.92259479
362,00362.png,13,0.92559576
363,00363.png,39,0.99018151
364,00364.png,3,0.91738081
365,00365.png,11,0.94363302
366,00366.png,7,0.93472540
367,00367.png,38,0.92425311
368,00368.png,19,0.99391949
369,00369.png,13,0.90972847
370,00370.png,10,0.91195172
371,00371.png,18,0.88799459
372,00372.png,3,0.90357715
373,00373.png,5,0.92299038
374,00374.png,26,0.96541637
375,00375.png,1,0.92957556
376,00376.png,41,0.98234057
377,00377.png,13,0.93011862
378,00378.png,1,0.91858751
379,00379.png,18,0.95238262
380,00380.png,19,0.99102861
381,00381.png,13,0.90857238
382,00382.png,38,0.86557305
383,00383.png,4,0.92175817
384,00384.png,35,0.93232477
385,00385.png,25,0.92705888
386,00386.png,34,0.90359652
387,00387.png,12,0.91513282
388,00388.png,17,0.94592720
389,00389.png,9,0.95444518
390,00390.png,4,0.91516596
391,00391.png,33,0.93385649
392,00392.png,28,0.96819478
393,00393.png,2,0.93082064
394,00394.png,4,0.38191026
395,00395.png,5,0.93999392
396,00396.png,4,0.94497210
397,00397.png,38,0.92051315
398,00398.png,4,0.92149574
399,00399.png,12,0.92401284
400,00400.png,38,0.89464551
401,00401.png,36,0.97443557
402,00402.png,10,0.91075540
403,00403.png,0,0.92857814
404,00404.png,38,0.89015669
405,00405.png,36,0.96896231
406,00406.png,8,0.91956174
407,00407.png,25,0.94230127
408,00408.png,5,0.95026803
409,00409.png,2,0.91856927
410,00410.png,25,0.92287320
411,00411.png,14,0.93931818
412,00412.png,2,0.91337073
413,00413.png,26,0.98387408
414,00414.png,29,0.97861940
415,00415.png,10,0.89851904
416,00416.png,10,0.90757495
417,00417.png,14,0.93942344
418,00418.png,9,0.92095751
419,00419.png,2,0.89376134
420,00420.png,3,0.92506748
421,00421.png,4,0.91830188
422,00422.png,19,0.99532312
423,00423.png,9,0.90541244
424,00424.png,10,0.90457171
425,00425.png,13,0.91130739
426,00426.png,13,0.91089153
427,00427.png,20,0.96483618
428,00428.png,38,0.74991059
429,00429.png,34,0.95812327
430,00430.png,11,0.71647400
431,00431.png,13,0.93461668
432,00432.png,34,0.96447855
433,00433.png,34,0.96799457
434,00434.png,12,0.91299188
435,00435.png,6,0.93364435
436,00436.png,10,0.89553386
437,00437.png,10,0.92311013
438,00438.png,8,0.92932802
439,00439.png,3,0.89311075
440,00440.png,22,0.95290840
441,00441.png,17,0.95155066
442,00442.png,7,0.93350172
443,00443.png,30,0.97588968
444,00444.png,25,0.93256754
445,00445.png,1,0.90629649
446,00446.png,31,0.95051700
447,00447.png,38,0.87967336
448,00448.png,38,0.90802103
449,00449.png,8,0.93953508
450,00450.png,9,0.91767585
451,00451.png,10,0.90901196
452,00452.png,2,0.91426647
453,00453.png,40,0.94558489
454,00454.png,1,0.92392063
455,00455.png,38,0.91630590
456,00456.png,14,0.93969601
457,00457.png,8,0.94556963
458,00458.png,39,0.98758906
459,00459.png,6,0.97193873
460,00460.png,35,0.94152462
461,00461.png,25,0.93738902
462,00462.png,25,0.93923867
463,00463.png,17,0.94258195
464,00464.png,2,0.91631228
465,00465.png,38,0.92380840
466,00466.png,7,0.93373042
467,00467.png,13,0.89686799
468,00468.png,14,0.95776635
469,00469.png,7,0.92608637
470,00470.png,8,0.95053315
471,00471.png,35,0.94206208
472,00472.png,3,0.88132209
473,00473.png,1,0.91392821
474,00474.png,35,0.93666124
475,00475.png,12,0.83028436
476,00476.png,35,0.90616858
477,00477.png,36,0.96115839
478,00478.png,24,0.96762711
479,00479.png,13,0.89762050
480,00480.png,33,0.96120876
481,00481.png,2,0.91794950
482,00482.png,35,0.94358307
483,00483.png,6,0.94786906
484,00484.png,2,0.87632489
485,00485.png,10,0.90628916
486,00486.png,12,0.90912586
487,00487.png,31,0.92634410
488,00488.png,9,0.91879004
489,00489.png,14,0.94591331
490,00490.png,17,0.92718643
491,00491.png,26,0.98183793
492,00492.png,7,0.59506130
493,00493.png,3,0.91280174
494,00494.png,10,0.92627037
495,00495.png,5,0.93002820
496,00496.png,11,0.54645413
497,00497.png,9,0.72928286
498,00498.png,31,0.94502884
499,00499.png,34,0.43886805
500,00500.png,22,0.97254062
501,00501.png,30,0.97606963
502,00502.png,9,0.89438128
503,00503.png,7,0.90454382
504,00504.png,23,0.92502809
505,00505.png,4,0.93379998
506,00506.png,32,0.98123240
507,00507.png,42,0.82225460
508,00508.png,1,0.91623092
509,00509.png,3,0.89568436
510,00510.png,8,0.92765778
511,00511.png,2,0.91894424
512,00512.png,25,0.94518358
513,00513.png,22,0.49184227
514,00514.png,38,0.90397787
515,00515.png,33,0.91090083
516,00516.png,3,0.91379333
517,00517.png,1,0.92045391
518,00518.png,8,0.93357414
519,00519.png,4,0.93094254
520,00520.png,18,0.93116742
521,00521.png,26,0.95265841
522,00522.png,31,0.94511318
523,00523.png,14,0.94494528
524,00524.png,11,0.90095866
525,00525.png,13,0.92738193
526,00526.png,3,0.90226358
527,00527.png,5,0.93447435
528,00528.png,18,0.93139744
529,00529.png,4,0.92984295
530,00530.png,13,0.91230398
531,00531.png,15,0.92769659
532,00532.png,23,0.41012636
533,00533.png,1,0.90912539
534,00534.png,12,0.91409993
535,00535.png,31,0.96035582
536,00536.png,38,0.90071952
537,00537.png,6,0.96965402
538,00538.png,10,0.89631665
539,00539.png,35,0.93348771
540,00540.png,8,0.94181144
541,00541.png,6,0.93233490
542,00542.png,5,0.90942883
543,00543.png,12,0.91508210
544,00544.png,4,0.93726760
545,00545.png,1,0.91747820
546,00546.png,1,0.92240638
547,00547.png,1,0.91470295
548,00548.png,12,0.90507305
549,00549.png,12,0.83878362
550,00550.png,2,0.58723611
551,00551.png,5,0.93004626
552,00552.png,9,0.93062717
553,00553.png,13,0.90491331
554,00554.png,38,0.82407093
555,00555.png,4,0.92267329
556,00556.png,13,0.92112279
557,00557.png,8,0.92871541
558,00558.png,13,0.91789484
559,00559.png,24,0.98976505
560,00560.png,17,0.95432949
561,00561.png,10,0.89134997
562,00562.png,10,0.88573158
563,00563.png,18,0.96360874
564,00564.png,12,0.88553226
565,00565.png,20,0.29105526
566,00566.png,10,0.91238648
567,00567.png,10,0.87824512
568,00568.png,1,0.91636354
569,00569.png,23,0.88615066
570,00570.png,3,0.91666144
571,00571.png,8,0.85283858
572,00572.png,41,0.96047443
573,00573.png,6,0.96645802
574,00574.png,13,0.91906798
575,00575.png,33,0.95090723
576,00576.png,3,0.93728501
577,00577.png,2,0.88392812
578,00578.png,13,0.91088367
579,00579.png,0,0.91531688
580,00580.png,17,0.94536358
581,00581.png,10,0.90727180
582,00582.png,7,0.91865683
583,00583.png,1,0.91687161
584,00584.png,35,0.94381726
585,00585.png,10,0.90486860
586,00586.png,2,0.92059892
587,00587.png,30,0.97809237
588,00588.png,5,0.93731171
589,00589.png,5,0.92049348
590,00590.png,35,0.93676782
591,00591.png,13,0.88438642
592,00592.png,16,0.98057598
593,00593.png,17,0.95149171
594,00594.png,11,0.93155241
595,00595.png,3,0.92326444
596,00596.png,4,0.92167526
597,00597.png,29,0.97729230
598,00598.png,2,0.89302111
599,00599.png,26,0.95954347
600,00600.png,2,0.91465956
601,00601.png,11,0.92870873
602,00602.png,4,0.92148489
603,00603.png,19,0.98950166
604,00604.png,3,0.95344049
605,00605.png,9,0.92584157
606,00606.png,7,0.91591847
607,00607.png,38,0.87775445
608,00608.png,28,0.93524885
609,00609.png,9,0.91641337
610,00610.png,27,0.95572817
611,00611.png,41,0.98207182
612,00612.png,1,0.91658038
613,00613.png,29,0.97873497
614,00614.png,11,0.93048769
615,00615.png,10,0.89365184
616,00616.png,25,0.93793243
617,00617.png,1,0.91136956
618,00618.png,10,0.91822553
619,00619.png,38,0.89309305
620,00620.png,30,0.97263968
621,00621.png,14,0.95040476
622,00622.png,1,0.70181465
623,00623.png,12,0.91504049
624,00624.png,7,0.93531281
625,00625.png,13,0.91101444
626,00626.png,28,0.95486420
627,00627.png,8,0.93380463
628,00628.png,2,0.91040784
629,00629.png,17,0.95278478
630,00630.png,5,0.93417037
631,00631.png,35,0.94524789
632,00632.png,25,0.94487023
633,00633.png,8,0.93898976
634,00634.png,4,0.92627442
635,00635.png,7,0.93311930
636,00636.png,16,0.98478264
637,00637.png,31,0.56851715
638,00638.png,17,0.93751746
639,00639.png,9,0.93493843
640,00640.png,7,0.94007152
641,00641.png,8,0.92331564
642,00642.png,17,0.94546896
643,00643.png,11,0.93399471
644,00644.png,2,0.91884094
645,00645.png,13,0.91604084
646,00646.png,12,0.90196729
647,00647.png,7,0.94796324
648,00648.png,1,0.88718694
649,00649.png,2,0.91839468
650,00650.png,32,0.98328477
651,00651.png,17,0.94734240
652,00652.png,13,0.92069465
653,00653.png,5,0.93229741
654,00654.png,12,0.93018520
655,00655.png,11,0.92124003
656,00656.png,29,0.96946633
657,00657.png,13,0.92618036
658,00658.png,13,0.87432700
659,00659.png,10,0.86350763
660,00660.png,5,0.81300300
661,00661.png,13,0.86552858
662,00662.png,2,0.91243023
663,00663.png,7,0.91231114
664,00664.png,13,0.89861465
665,00665.png,10,0.90681469
666,00666.png,14,0.93678969
667,00667.png,13,0.90892327
668,00668.png,11,0.85924315
669,00669.png,4,0.91254872
670,00670.png,15,0.92800713
671,00671.png,10,0.90270174
672,00672.png,36,0.96955520
673,00673.png,35,0.93403536
674,00674.png,26,0.96040547
675,00675.png,0,0.89990294
676,00676.png,25,0.92397946
677,00677.png,18,0.92660964
678,00678.png,29,0.97006828
679,00679.png,8,0.93360353
680,00680.png,13,0.91843414
681,00681.png,14,0.95927262
682,00682.png,33,0.79818302
683,00683.png,12,0.92829084
684,00684.png,35,0.93909848
685,00685.png,35,0.92813659
686,00686.png,14,0.93523496
687,00687.png,25,0.90532339
688,00688.png,17,0.94455677
689,00689.png,34,0.97225475
690,00690.png,5,0.92043811
691,00691.png,4,0.92766148
692,00692.png,4,0.91770566
693,00693.png,13,0.93697321
694,00694.png,29,0.97857398
695,00695.png,4,0.93526906
696,00696.png,5,0.84363639
697,00697.png,8,0.94748890
698,00698.png,1,0.91339195
699,00699.png,2,0.89916879
700,00700.png,3,0.92348599
701,00701.png,4,0.93301427
702,00702.png,39,0.99055040
703,00703.png,12,0.91497523
704,00704.png,7,0.94415164
705,00705.png,16,0.98870033
706,00706.png,12,0.92905957
707,00707.png,12,0.93251091
708,00708.png,18,0.92886513
709,00709.png,16,0.96828574
710,00710.png,2,0.81133544
711,00711.png,36,0.97940183
712,00712.png,11,0.94418514
713,00713.png,39,0.98722041
714,00714.png,4,0.92036712
715,00715.png,6,0.95858544
716,00716.png,2,0.87017512
717,00717.png,36,0.96936047
718,00718.png,1,0.88280803
719,00719.png,5,0.92281264
720,00720.png,10,0.90531665
721,00721.png,13,0.87690568
722,00722.png,5,0.92335963
723,00723.png,30,0.96098202
724,00724.png,38,0.91766483
725,00725.png,13,0.92514390
726,00726.png,14,0.91186529
727,00727.png,11,0.79351288
728,00728.png,11,0.94117814
729,00729.png,35,0.94446951
730,00730.png,25,0.93334490
731,00731.png,2,0.74320680
732,00732.png,14,0.93398494
733,00733.png,38,0.60458350
734,00734.png,15,0.93948871
735,00735.png,38,0.91993415
736,00736.png,39,0.99408025
737,00737.png,38,0.90044588
738,00738.png,4,0.91875964
739,00739.png,1,0.88854653
740,00740.png,3,0.90786421
741,00741.png,1,0.88575608
742,00742.png,35,0.95571512
743,00743.png,17,0.93757081
744,00744.png,4,0.91320628
745,00745.png,17,0.95087814
746,00746.png,4,0.93113655
747,00747.png,2,0.91546679
748,00748.png,5,0.92330801
749,00749.png,30,0.98371947
750,00750.png,10,0.90157235
751,00751.png,28,0.98617703
752,00752.png,9,0.92535383
753,00753.png,28,0.97695708
754,00754.png,22,0.94210589
755,00755.png,42,0.94760877
756,00756.png,2,0.87925428
757,00757.png,12,0.94898587
758,00758.png,3,0.91110468
759,00759.png,23,0.67552406
760,00760.png,3,0.90641236
761,00761.png,13,0.89675218
762,00762.png,10,0.92365777
763,00763.png,3,0.92050904
764,00764.png,12,0.90595102
765,00765.png,4,0.92422235
766,00766.png,1,0.90190405
767,00767.png,5,0.93782318
768,00768.png,3,0.92101860
769,00769.png,9,0.89371467
770,00770.png,10,0.91838497
771,00771.png,4,0.92442858
772,00772.png,13,0.89939916
773,00773.png,28,0.94959903
774,00774.png,3,0.88854069
775,00775.png,4,0.91307855
776,00776.png,15,0.91704756
777,00777.png,15,0.92830360
778,00778.png,0,0.86159492
779,00779.png,33,0.93325645
780,00780.png,2,0.75902456
781,00781.png,39,0.95851624
782,00782.png,12,0.91690779
783,00783.png,38,0.90577579
784,00784.png,7,0.93590468
785,00785.png,10,0.90255976
786,00786.png,2,0.88794035
787,00787.png,10,0.88451189
788,00788.png,2,0.91123718
789,00789.png,38,0.91420418
790,00790.png,2,0.91483849
791,00791.png,5,0.93589360
792,00792.png,1,0.92902130
793,00793.png,3,0.90976095
794,00794.png,1,0.63527292
795,00795.png,42,0.97693491
796,00796.png,15,0.92372465
797,00797.png,15,0.94395083
798,00798.png,4,0.93913919
799,00799.png,15,0.93443990
800,00800.png,38,0.89484978
801,00801.png,25,0.91273564
802,00802.png,5,0.92453361
803,00803.png,5,0.90668362
804,00804.png,12,0.92677391
805,00805.png,2,0.91646063
806,00806.png,26,0.98209828
807,00807.png,0,0.95277268
808,00808.png,17,0.94053888
809,00809.png,0,0.89923882
810,00810.png,26,0.94308627
811,00811.png,31,0.93340158
812,00812.png,4,0.91177094
813,00813.png,13,0.84187186
814,00814.png,17,0.95354229
815,00815.png,1,0.88531297
816,00816.png,11,0.94740373
817,00817.png,8,0.94091666
818,00818.png,1,0.93614519
819,00819.png,2,0.89925772
820,00820.png,4,0.91726553
821,00821.png,14,0.95524681
822,00822.png,3,0.90331835
823,00823.png,4,0.91795421
824,00824.png,25,0.90451032
825,00825.png,4,0.93232799
826,00826.png,15,0.93918693
827,00827.png,2,0.88897526
828,00828.png,38,0.91182971
829,00829.png,27,0.95000613
830,00830.png,37,0.98844689
831,00831.png,7,0.92970932
832,00832.png,1,0.89683193
833,00833.png,18,0.96122843
834,00834.png,28,0.49407151
835,00835.png,11,0.94004339
836,00836.png,10,0.92711276
837,00837.png,9,0.92184037
838,00838.png,15,0.93417633
839,00839.png,11,0.95156437
840,00840.png,12,0.91754669
841,00841.png,10,0.91479111
842,00842.png,13,0.92412716
843,00843.png,13,0.92536277
844,00844.png,25,0.93448091
845,00845.png,4,0.94071895
846,00846.png,1,0.90297949
847,00847.png,38,0.92595029
848,00848.png,12,0.89549541
849,00849.png,23,0.89508426
850,00850.png,10,0.89687997
851,00851.png,2,0.89212847
852,00852.png,1,0.90917087
853,00853.png,29,0.97796613
854,00854.png,24,0.98703426
855,00855.png,10,0.91595286
856,00856.png,1,0.90203965
857,00857.png,28,0.97883636
858,00858.png,3,0.92502034
859,00859.png,11,0.86096281
860,00860.png,5,0.94492102
861,00861.png,6,0.94453424
862,00862.png,9,0.95759118
863,00863.png,2,0.88536066
864,00864.png,1,0.87920129
865,00865.png,33,0.94966894
866,00866.png,3,0.89024633
867,00867.png,9,0.91040426
868,00868.png,25,0.92745245
869,00869.png,16,0.97782701
870,00870.png,42,0.97992468
871,00871.png,35,0.94235206
872,00872.png,10,0.92358279
873,00873.png,28,0.98639929
874,00874.png,4,0.93411756
875,00875.png,1,0.91421604
876,00876.png,7,0.89232689
877,00877.png,5,0.95922625
878,00878.png,3,0.92301208
879,00879.png,30,0.49077931
880,00880.png,1,0.89511561
881,00881.png,1,0.91233593
882,00882.png,10,0.82218105
883,00883.png,30,0.98371190
884,00884.png,35,0.93218297
885,00885.png,24,0.93785924
886,00886.png,33,0.88346845
887,00887.png,1,0.91772592
888,00888.png,12,0.91218120
889,00889.png,2,0.88266343
890,00890.png,13,0.90936852
891,00891.png,13,0.90248454
892,00892.png,33,0.93890381
893,00893.png,17,0.94104028
894,00894.png,35,0.68658173
895,00895.png,5,0.93159884
896,00896.png,15,0.91149580
897,00897.png,31,0.93642074
898,00898.png,33,0.90521663
899,00899.png,42,0.97007972
900,00900.png,11,0.92753553
901,00901.png,24,0.99347609
902,00902.png,38,0.91318679
903,00903.png,4,0.92114818
904,00904.png,27,0.47969568
905,00905.png,7,0.92943990
906,00906.png,13,0.93337679
907,00907.png,21,0.99012870
908,00908.png,38,0.78352141
909,00909.png,38,0.91427606
910,00910.png,1,0.89532852
911,00911.png,13,0.90140736
912,00912.png,23,0.79886109
913,00913.png,13,0.88592738
914,00914.png,18,0.86286306
915,00915.png,13,0.91308206
916,00916.png,13,0.90504289
917,00917.png,38,0.92389572
918,00918.png,35,0.93913347
919,00919.png,5,0.94330800
920,00920.png,12,0.89941227
921,00921.png,25,0.96304035
922,00922.png,4,0.91668659
923,00923.png,1,0.90751672
924,00924.png,19,0.99161667
925,00925.png,3,0.92115939
926,00926.png,9,0.90604299
927,00927.png,2,0.90335745
928,00928.png,3,0.90066236
929,00929.png,17,0.92657995
930,00930.png,38,0.92183906
931,00931.png,5,0.93201578
932,00932.png,5,0.89325446
933,00933.png,38,0.91889477
934,00934.png,1,0.91903007
935,00935.png,11,0.92630625
936,00936.png,31,0.94380820
937,00937.png,2,0.85267603
938,00938.png,42,0.94676900
939,00939.png,12,0.92256707
940,00940.png,35,0.94909751
941,00941.png,29,0.97418922
942,00942.png,38,0.84621799
943,00943.png,0,0.92679060
944,00944.png,38,0.90824294
945,00945.png,10,0.91871387
946,00946.png,13,0.91312844
947,00947.png,1,0.90293497
948,00948.png,34,0.95382017
949,00949.png,22,0.95504999
950,00950.png,12,0.92485493
951,00951.png,31,0.95125651
952,00952.png,15,0.94772440
953,00953.png,13,0.91873407
954,00954.png,31,0.94373453
955,00955.png,1,0.89403284
956,00956.png,42,0.90350085
957,00957.png,36,0.98823589
958,00958.png,7,0.92345011
959,00959.png,19,0.91191304
960,00960.png,27,0.98533916
961,00961.png,15,0.93256557
962,00962.png,12,0.92577630
963,00963.png,14,0.93501401
964,00964.png,10,0.92162645
965,00965.png,5,0.91961372
966,00966.png,32,0.96922517
967,00967.png,3,0.91941023
968,00968.png,7,0.92667270
969,00969.png,13,0.89824015
970,00970.png,12,0.91174567
971,00971.png,7,0.92927128
972,00972.png,13,0.91265863
973,00973.png,4,0.92086071
974,00974.png,10,0.89901412
975,00975.png,8,0.92982638
976,00976.png,23,0.96133637
977,00977.png,10,0.90986365
978,00978.png,39,0.99328339
979,00979.png,2,0.89866912
980,00980.png,13,0.90868163
981,00981.png,7,0.91037780
982,00982.png,1,0.90454525
983,00983.png,5,0.91821051
984,00984.png,31,0.92250377
985,00985.png,10,0.90407574
986,00986.png,5,0.93459243
987,00987.png,31,0.94982594
988,00988.png,7,0.95290548
989,00989.png,39,0.99250352
990,00990.png,0,0.93036962
991,00991.png,23,0.88884264
992,00992.png,7,0.92365116
993,00993.png,38,0.89334399
994,00994.png,35,0.94020873
995,00995.png,38,0.29814637
996,00996.png,25,0.94355154
997,00997.png,38,0.91176170
998,00998.png,9,0.92753595
999,00999.png,16,0.97539866
1000,01000.png,17,0.94147152
1001,01001.png,1,0.91315114
1002,01002.png,12,0.91003335
1003,01003.png,12,0.91272807
1004,01004.png,10,0.90848756
1005,01005.png,5,0.92183387
1006,01006.png,38,0.88553160
1007,01007.png,3,0.94314754
1008,01008.png,12,0.91443563
1009,01009.png,12,0.90562880
1010,01010.png,8,0.85357559
1011,01011.png,10,0.93013394
1012,01012.png,2,0.90214348
1013,01013.png,10,0.89226735
1014,01014.png,12,0.91372073
1015,01015.png,35,0.94863868
1016,01016.png,15,0.93718702
1017,01017.png,4,0.92115283
1018,01018.png,35,0.92096722
1019,01019.png,5,0.87585300
1020,01020.png,14,0.95396030
1021,01021.png,1,0.91848099
1022,01022.png,11,0.66340828
1023,01023.png,35,0.93415153
1024,01024.png,38,0.92496437
1025,01025.png,30,0.98222554
1026,01026.png,11,0.93941116
1027,01027.png,4,0.90678841
1028,01028.png,12,0.90888470
1029,01029.png,1,0.88503474
1030,01030.png,18,0.96418977
1031,01031.png,8,0.95395106
1032,01032.png,11,0.89947283
1033,01033.png,41,0.98397821
1034,01034.png,10,0.89390600
1035,01035.png,2,0.83706611
1036,01036.png,8,0.92078316
1037,01037.png,2,0.89445019
1038,01038.png,35,0.94265693
1039,01039.png,13,0.91572934
1040,01040.png,38,0.92726976
1041,01041.png,9,0.91793042
1042,01042.png,12,0.90581393
1043,01043.png,7,0.90701550
1044,01044.png,12,0.94401801
1045,01045.png,31,0.94584954
1046,01046.png,2,0.91430265
1047,01047.png,11,0.93053102
1048,01048.png,17,0.94731611
1049,01049.png,35,0.93382722
1050,01050.png,4,0.93155861
1051,01051.png,18,0.88536662
1052,01052.png,4,0.91953379
1053,01053.png,34,0.93287188
1054,01054.png,40,0.94225723
1055,01055.png,11,0.94158804
1056,01056.png,11,0.92949390
1057,01057.png,33,0.95823079
1058,01058.png,15,0.93154556
1059,01059.png,13,0.90661258
1060,01060.png,5,0.94001812
1061,01061.png,12,0.92381167
1062,01062.png,13,0.91373032
1063,01063.png,13,0.91429299
1064,01064.png,12,0.94574708
1065,01065.png,7,0.89573383
1066,01066.png,31,0.94553643
1067,01067.png,32,0.96605062
1068,01068.png,4,0.94415748
1069,01069.png,41,0.98148775
1070,01070.png,8,0.92055446
1071,01071.png,2,0.88487005
1072,01072.png,8,0.94320893
1073,01073.png,39,0.98415333
1074,01074.png,14,0.93834579
1075,01075.png,42,0.93841553
1076,01076.png,4,0.93393034
1077,01077.png,7,0.95246035
1078,01078.png,11,0.94101554
1079,01079.png,21,0.92882317
1080,01080.png,2,0.89770472
1081,01081.png,2,0.90700752
1082,01082.png,13,0.91758633
1083,01083.png,10,0.88985944
1084,01084.png,2,0.91053164
1085,01085.png,8,0.94058752
1086,01086.png,18,0.95452273
1087,01087.png,4,0.93714857
1088,01088.png,2,0.41548416
1089,01089.png,4,0.94343299
1090,01090.png,16,0.97124231
1091,01091.png,33,0.93940294
1092,01092.png,1,0.87414986
1093,01093.png,18,0.94767332
1094,01094.png,31,0.92231548
1095,01095.png,37,0.98522449
1096,01096.png,30,0.96756518
1097,01097.png,9,0.91136962
1098,01098.png,18,0.94502872
1099,01099.png,5,0.92628729
1100,01100.png,35,0.95666772
1101,01101.png,20,0.95355397
1102,01102.png,2,0.89169258
1103,01103.png,20,0.98270237
1104,01104.png,31,0.40956110
1105,01105.png,5,0.80940926
1106,01106.png,8,0.93711162
1107,01107.png,9,0.89758265
1108,01108.png,38,0.91949439
1109,01109.png,12,0.88279766
1110,01110.png,35,0.94129467
1111,01111.png,5,0.92824352
1112,01112.png,11,0.93761522
1113,01113.png,10,0.89168483
1114,01114.png,12,0.93961841
1115,01115.png,33,0.94157219
1116,01116.png,8,0.93040842
1117,01117.png,38,0.91488892
1118,01118.png,3,0.94134516
1119,01119.png,32,0.97400510
1120,01120.png,31,0.94416368
1121,01121.png,41,0.95849651
1122,01122.png,35,0.92234635
1123,01123.png,40,0.96302927
1124,01124.png,13,0.94803286
1125,01125.png,7,0.93373799
1126,01126.png,12,0.92264521
1127,01127.png,8,0.86395276
1128,01128.png,13,0.90318131
1129,01129.png,1,0.88372970
1130,01130.png,13,0.91433722
1131,01131.png,8,0.93655378
1132,01132.png,40,0.94311160
1133,01133.png,4,0.93595439
1134,01134.png,4,0.91919333
1135,01135.png,5,0.93161243
1136,01136.png,17,0.93432117
1137,01137.png,18,0.92173928
1138,01138.png,12,0.93512523
1139,01139.png,35,0.92039973
1140,01140.png,8,0.94760919
1141,01141.png,33,0.91172433
1142,01142.png,3,0.90878439
1143,01143.png,15,0.93059617
1144,01144.png,12,0.93114859
1145,01145.png,14,0.94934255
1146,01146.png,9,0.92904186
1147,01147.png,4,0.91895097
1148,01148.png,5,0.92528319
1149,01149.png,31,0.94660008
1150,01150.png,32,0.96129179
1151,01151.png,3,0.90289968
1152,01152.png,25,0.92293340
1153,01153.png,1,0.86533165
1154,01154.png,10,0.91090274
1155,01155.png,33,0.93452525
1156,01156.png,4,0.91891825
1157,01157.png,35,0.93974096
1158,01158.png,9,0.93360823
1159,01159.png,1,0.92420107
1160,01160.png,32,0.97419477
1161,01161.png,4,0.92969126
1162,01162.png,13,0.90424973
1163,01163.png,17,0.94650352
1164,01164.png,4,0.92697936
1165,01165.png,6,0.94877678
1166,01166.png,26,0.95157093
1167,01167.png,38,0.89241761
1168,01168.png,2,0.90870661
1169,01169.png,19,0.58833939
1170,01170.png,11,0.92271888
1171,01171.png,41,0.97688496
1172,01172.png,38,0.84715092
1173,01173.png,34,0.89428091
1174,01174.png,38,0.88449806
1175,01175.png,39,0.99461281
1176,01176.png,1,0.90876001
1177,01177.png,18,0.96167266
1178,01178.png,5,0.91738379
1179,01179.png,9,0.92514753
1180,01180.png,26,0.98718679
1181,01181.png,17,0.94475722
1182,01182.png,31,0.95277011
1183,01183.png,24,0.88716048
1184,01184.png,37,0.98630893
1185,01185.png,12,0.91953844
1186,01186.png,22,0.94040793
1187,01187.png,5,0.90149951
1188,01188.png,8,0.92630309
1189,01189.png,12,0.62092626
1190,01190.png,10,0.91196215
1191,01191.png,2,0.88298351
1192,01192.png,2,0.92608076
1193,01193.png,10,0.88754243
1194,01194.png,7,0.90503919
1195,01195.png,10,0.88533568
1196,01196.png,14,0.94640285
1197,01197.png,9,0.91648114
1198,01198.png,8,0.94850880
1199,01199.png,14,0.96409476
1200,01200.png,5,0.93584275
1201,01201.png,5,0.94651866
1202,01202.png,25,0.94155264
1203,01203.png,4,0.92016953
1204,01204.png,3,0.90374535
1205,01205.png,29,0.97729903
1206,01206.png,40,0.93104196
1207,01207.png,16,0.98008591
1208,01208.png,35,0.92990541
1209,01209.png,30,0.64325422
1210,01210.png,18,0.80406535
1211,01211.png,12,0.92402482
1212,01212.png,39,0.98170531
1213,01213.png,12,0.90952885
1214,01214.png,30,0.97683376
1215,01215.png,12,0.90761590
1216,01216.png,13,0.91452754
1217,01217.png,9,0.92972744
1218,01218.png,9,0.89567912
1219,01219.png,11,0.90310448
1220,01220.png,13,0.92022729
1221,01221.png,17,0.91322291
1222,01222.png,29,0.97201836
1223,01223.png,14,0.94636387
1224,01224.png,17,0.94161630
1225,01225.png,26,0.99042189
1226,01226.png,1,0.87994140
1227,01227.png,13,0.89250392
1228,01228.png,11,0.95088804
1229,01229.png,10,0.91510719
1230,01230.png,5,0.91437602
1231,01231.png,5,0.52765960
1232,01232.png,4,0.92093307
1233,01233.png,4,0.92880803
1234,01234.png,3,0.90415841
1235,01235.png,34,0.97463232
1236,01236.png,23,0.86317837
1237,01237.png,4,0.94198889
1238,01238.png,7,0.93673521
1239,01239.png,14,0.94716722
1240,01240.png,12,0.90189815
1241,01241.png,22,0.95543921
1242,01242.png,37,0.98566449
1243,01243.png,35,0.93641692
1244,01244.png,12,0.91749275
1245,01245.png,28,0.98451656
1246,01246.png,28,0.95296991
1247,01247.png,2,0.91196799
1248,01248.png,3,0.91824931
1249,01249.png,12,0.93638766
1250,01250.png,10,0.90254509
1251,01251.png,1,0.91057545
1252,01252.png,8,0.89422363
1253,01253.png,17,0.92827505
1254,01254.png,37,0.97393215
1255,01255.png,12,0.89951694
1256,01256.png,31,0.94789517
1257,01257.png,11,0.90800846
1258,01258.png,9,0.92210329
1259,01259.png,5,0.89262092
1260,01260.png,5,0.89746124
1261,01261.png,8,0.92815310
1262,01262.png,9,0.91807276
1263,01263.png,5,0.92584330
1264,01264.png,10,0.92360240
1265,01265.png,38,0.90743673
1266,01266.png,42,0.97570598
1267,01267.png,18,0.90355790
1268,01268.png,2,0.88697177
1269,01269.png,14,0.94173318
1270,01270.png,3,0.31230956
1271,01271.png,12,0.94873309
1272,01272.png,3,0.92097050
1273,01273.png,2,0.89545548
1274,01274.png,42,0.95398915
1275,01275.png,8,0.87776530
1276,01276.png,18,0.72737086
1277,01277.png,14,0.96315211
1278,01278.png,5,0.91988891
1279,01279.png,0,0.95845312
1280,01280.png,2,0.90269119
1281,01281.png,1,0.90977919
1282,01282.png,14,0.92316508
1283,01283.png,36,0.94260770
1284,01284.png,11,0.94164968
1285,01285.png,13,0.91066837
1286,01286.png,11,0.93625551
1287,01287.png,10,0.89689010
1288,01288.png,8,0.91936260
1289,01289.png,34,0.92031020
1290,01290.png,4,0.90924203
1291,01291.png,38,0.91286147
1292,01292.png,14,0.93740243
1293,01293.png,2,0.90261203
1294,01294.png,7,0.92388815
1295,01295.png,17,0.95152056
1296,01296.png,29,0.95655382
1297,01297.png,33,0.93385339
1298,01298.png,28,0.95953113
1299,01299.png,7,0.92756248
1300,01300.png,38,0.90725297
1301,01301.png,18,0.96366340
1302,01302.png,14,0.95158631
1303,01303.png,1,0.90732139
1304,01304.png,33,0.93901628
1305,01305.png,16,0.97602683
1306,01306.png,4,0.91123164
1307,01307.png,19,0.99732971
1308,01308.png,23,0.97402668
1309,01309.png,6,0.93610364
1310,01310.png,5,0.89983273
1311,01311.png,8,0.92579734
1312,01312.png,8,0.93753308
1313,01313.png,10,0.90766716
1314,01314.png,34,0.97669607
1315,01315.png,35,0.95149463
1316,01316.png,5,0.94193822
1317,01317.png,25,0.45167056
1318,01318.png,13,0.90308458
1319,01319.png,35,0.93731850
1320,01320.png,38,0.90266865
1321,01321.png,9,0.87929291
1322,01322.png,15,0.92800516
1323,01323.png,5,0.94196415
1324,01324.png,14,0.95152181
1325,01325.png,26,0.96940708
1326,01326.png,42,0.86464763
1327,01327.png,26,0.94063908
1328,01328.png,13,0.91742373
1329,01329.png,17,0.94985443
1330,01330.png,10,0.88054198
1331,01331.png,4,0.93084699
1332,01332.png,4,0.89603800
1333,01333.png,9,0.92008990
1334,01334.png,1,0.91275448
1335,01335.png,2,0.88267696
1336,01336.png,34,0.96114409
1337,01337.png,1,0.91087455
1338,01338.png,41,0.50966197
1339,01339.png,31,0.94036257
1340,01340.png,13,0.91513014
1341,01341.png,9,0.91928750
1342,01342.png,13,0.89192206
1343,01343.png,12,0.92132777
1344,01344.png,38,0.91367131
1345,01345.png,8,0.92798984
1346,01346.png,35,0.93283880
1347,01347.png,38,0.88635480
1348,01348.png,7,0.94647640
1349,01349.png,2,0.88733447
1350,01350.png,5,0.94445354
1351,01351.png,12,0.90714389
1352,01352.png,25,0.93530154
1353,01353.png,8,0.93311864
1354,01354.png,2,0.91376626
1355,01355.png,12,0.93457973
1356,01356.png,28,0.98660153
1357,01357.png,12,0.89921916
1358,01358.png,2,0.89066094
1359,01359.png,2,0.87573230
1360,01360.png,26,0.98928076
1361,01361.png,3,0.92854273
1362,01362.png,8,0.93715650
1363,01363.png,11,0.80208367
1364,01364.png,8,0.90164709
1365,01365.png,10,0.91045183
1366,01366.png,12,0.91150641
1367,01367.png,5,0.94041818
1368,01368.png,40,0.94132972
1369,01369.png,2,0.80939400
1370,01370.png,33,0.91640306
1371,01371.png,25,0.93899041
1372,01372.png,2,0.86366564
1373,01373.png,41,0.99210393
1374,01374.png,16,0.97315174
1375,01375.png,18,0.93742651
1376,01376.png,8,0.92977381
1377,01377.png,3,0.88952959
1378,01378.png,34,0.92268467
1379,01379.png,31,0.91031134
1380,01380.png,9,0.91563606
1381,01381.png,9,0.92989421
1382,01382.png,13,0.92521685
1383,01383.png,38,0.90947628
1384,01384.png,7,0.92638612
1385,01385.png,4,0.78103691
1386,01386.png,4,0.92044955
1387,01387.png,13,0.89920568
1388,01388.png,12,0.92426652
1389,01389.png,18,0.89192837
1390,01390.png,8,0.96803141
1391,01391.png,38,0.89376193
1392,01392.png,25,0.92274749
1393,01393.png,5,0.92344028
1394,01394.png,2,0.91064167
1395,01395.png,42,0.57850820
1396,01396.png,13,0.91844660
1397,01397.png,35,0.94075102
1398,01398.png,10,0.87839139
1399,01399.png,12,0.91111743
1400,01400.png,33,0.96547872
1401,01401.png,13,0.91142875
1402,01402.png,11,0.97610283
1403,01403.png,2,0.89531624
1404,01404.png,38,0.86314476
1405,01405.png,10,0.91330183
1406,01406.png,13,0.85744500
1407,01407.png,17,0.94212693
1408,01408.png,12,0.90818000
1409,01409.png,1,0.91327250
1410,01410.png,15,0.93847042
1411,01411.png,7,0.95877594
1412,01412.png,18,0.94939893
1413,01413.png,34,0.92878902
1414,01414.png,38,0.89542651
1415,01415.png,12,0.90602958
1416,01416.png,3,0.92799079
1417,01417.png,3,0.89446485
1418,01418.png,4,0.92588675
1419,01419.png,12,0.90184224
1420,01420.png,12,0.91646898
1421,01421.png,10,0.92736655
1422,01422.png,11,0.80427969
1423,01423.png,14,0.92488450
1424,01424.png,12,0.89639628
1425,01425.png,14,0.96061069
1426,01426.png,10,0.91575533
1427,01427.png,4,0.92357153
1428,01428.png,17,0.94553846
1429,01429.png,7,0.92950571
1430,01430.png,13,0.90506613
1431,01431.png,27,0.92885154
1432,01432.png,17,0.95525998
1433,01433.png,8,0.94518161
1434,01434.png,23,0.56249315
1435,01435.png,18,0.94585079
1436,01436.png,11,0.93973219
1437,01437.png,38,0.91027969
1438,01438.png,10,0.88046360
1439,01439.png,10,0.90628880
1440,01440.png,5,0.95727420
1441,01441.png,25,0.92395145
1442,01442.png,18,0.93999398
1443,01443.png,4,0.92413265
1444,01444.png,11,0.93073374
1445,01445.png,31,0.93259001
1446,01446.png,12,0.92117029
1447,01447.png,1,0.90107208
1448,01448.png,8,0.91677272
1449,01449.png,12,0.94536537
1450,01450.png,35,0.95068997
1451,01451.png,11,0.92844796
1452,01452.png,5,0.94203544
1453,01453.png,4,0.93775088
1454,01454.png,2,0.90265715
1455,01455.png,18,0.93855989
1456,01456.png,38,0.92605078
1457,01457.png,5,0.96179682
1458,01458.png,38,0.89579070
1459,01459.png,13,0.91119593
1460,01460.png,10,0.91027004
1461,01461.png,3,0.92391074
1462,01462.png,42,0.87238705
1463,01463.png,34,0.95345712
1464,01464.png,31,0.95632857
1465,01465.png,26,0.94605058
1466,01466.png,8,0.93744737
1467,01467.png,5,0.94954360
1468,01468.png,7,0.93126750
1469,01469.png,19,0.96912026
1470,01470.png,15,0.93860990
1471,01471.png,2,0.90289056
1472,01472.png,3,0.91973525
1473,01473.png,10,0.88787919
1474,01474.png,13,0.90448624
1475,01475.png,18,0.41746750
1476,01476.png,2,0.91144353
1477,01477.png,35,0.72330350
1478,01478.png,4,0.91211665
1479,01479.png,31,0.94362348
1480,01480.png,25,0.91617858
1481,01481.png,13,0.91292900
1482,01482.png,1,0.90602535
1483,01483.png,2,0.88542879
1484,01484.png,8,0.93020344
1485,01485.png,12,0.95796156
1486,01486.png,2,0.89212501
1487,01487.png,32,0.96963578
1488,01488.png,12,0.90463078
1489,01489.png,12,0.83227408
1490,01490.png,12,0.93322724
1491,01491.png,2,0.91727304
1492,01492.png,7,0.55957741
1493,01493.png,5,0.93990493
1494,01494.png,7,0.94966483
1495,01495.png,34,0.97562307
1496,01496.png,38,0.95094657
1497,01497.png,7,0.93369198
1498,01498.png,2,0.89879179
1499,01499.png,8,0.91701418
1500,01500.png,2,0.90761817
1501,01501.png,8,0.92598486
1502,01502.png,8,0.95256114
1503,01503.png,9,0.91993654
1504,01504.png,7,0.93029648
1505,01505.png,13,0.90695226
1506,01506.png,1,0.91951281
1507,01507.png,5,0.91441864
1508,01508.png,38,0.89926302
1509,01509.png,17,0.93614739
1510,01510.png,5,0.94172251
1511,01511.png,10,0.92858523
1512,01512.png,18,0.97623342
1513,01513.png,13,0.91390938
1514,01514.png,30,0.98142308
1515,01515.png,1,0.90195179
1516,01516.png,3,0.89221102
1517,01517.png,42,0.86049134
1518,01518.png,16,0.98547632
1519,01519.png,0,0.92220235
1520,01520.png,8,0.94213730
1521,01521.png,8,0.93459535
1522,01522.png,17,0.94971514
1523,01523.png,13,0.90657341
1524,01524.png,30,0.96570343
1525,01525.png,18,0.94446599
1526,01526.png,38,0.89824045
1527,01527.png,2,0.87932765
1528,01528.png,12,0.90307152
1529,01529.png,38,0.91895521
1530,01530.png,13,0.91360658
1531,01531.png,1,0.90690202
1532,01532.png,11,0.93546337
1533,01533.png,14,0.93151695
1534,01534.png,5,0.85552025
1535,01535.png,3,0.93854815
1536,01536.png,38,0.91613823
1537,01537.png,39,0.98967451
1538,01538.png,5,0.92920583
1539,01539.png,25,0.95311087
1540,01540.png,10,0.90766138
1541,01541.png,29,0.97392040
1542,01542.png,3,0.90159804
1543,01543.png,9,0.93525827
1544,01544.png,25,0.90261525
1545,01545.png,38,0.90708166
1546,01546.png,2,0.90761453
1547,01547.png,5,0.92250657
1548,01548.png,25,0.89268345
1549,01549.png,25,0.91398227
1550,01550.png,13,0.92031926
1551,01551.png,10,0.90566492
1552,01552.png,5,0.91725022
1553,01553.png,3,0.89997715
1554,01554.png,38,0.90179354
1555,01555.png,1,0.90873861
1556,01556.png,4,0.93963444
1557,01557.png,28,0.96909350
1558,01558.png,2,0.90319860
1559,01559.png,20,0.97210997
1560,01560.png,42,0.94506985
1561,01561.png,2,0.92265821
1562,01562.png,38,0.90047866
1563,01563.png,38,0.90974689
1564,01564.png,22,0.96799123
1565,01565.png,1,0.91128498
1566,01566.png,25,0.91398579
1567,01567.png,10,0.96681446
1568,01568.png,2,0.89302176
1569,01569.png,5,0.91107070
1570,01570.png,17,0.94020957
1571,01571.png,1,0.90045834
1572,01572.png,20,0.98637307
1573,01573.png,3,0.68512887
1574,01574.png,9,0.28975090
1575,01575.png,38,0.91045564
1576,01576.png,38,0.89500803
1577,01577.png,28,0.96081847
1578,01578.png,3,0.90408033
1579,01579.png,28,0.97538573
1580,01580.png,6,0.93840742
1581,01581.png,13,0.91792148
1582,01582.png,30,0.98235667
1583,01583.png,21,0.95517480
1584,01584.png,2,0.88332361
1585,01585.png,7,0.93805057
1586,01586.png,17,0.94690651
1587,01587.png,35,0.93644065
1588,01588.png,14,0.95805323
1589,01589.png,13,0.90627420
1590,01590.png,10,0.88330907
1591,01591.png,38,0.91200221
1592,01592.png,17,0.93579918
1593,01593.png,10,0.90618992
1594,01594.png,11,0.94902432
1595,01595.png,8,0.95362866
1596,01596.png,15,0.84113353
1597,01597.png,26,0.95963359
1598,01598.png,2,0.91957957
1599,01599.png,4,0.92716765
1600,01600.png,38,0.86377251
1601,01601.png,6,0.93993932
1602,01602.png,1,0.90399265
1603,01603.png,25,0.93172812
1604,01604.png,7,0.90555394
1605,01605.png,8,0.94075322
1606,01606.png,18,0.93887526
1607,01607.png,3,0.90804118
1608,01608.png,8,0.92186135
1609,01609.png,13,0.91393030
1610,01610.png,16,0.98787898
1611,01611.png,23,0.98575521
1612,01612.png,42,0.93035829
1613,01613.png,16,0.98338866
1614,01614.png,12,0.95455390
1615,01615.png,2,0.86706084
1616,01616.png,9,0.91222709
1617,01617.png,32,0.97448790
1618,01618.png,12,0.94764388
1619,01619.png,2,0.87960988
1620,01620.png,7,0.90541583
1621,01621.png,7,0.91495138
1622,01622.png,38,0.88952643
1623,01623.png,12,0.93338746
1624,01624.png,7,0.93551642
1625,01625.png,25,0.94219607
1626,01626.png,38,0.89977717
1627,01627.png,38,0.78165251
1628,01628.png,21,0.96973163
1629,01629.png,9,0.94796687
1630,01630.png,11,0.94039285
1631,01631.png,10,0.91712815
1632,01632.png,25,0.93824494
1633,01633.png,12,0.89757937
1634,01634.png,20,0.85497653
1635,01635.png,5,0.91074520
1636,01636.png,10,0.91041535
1637,01637.png,2,0.88949770
1638,01638.png,23,0.94289809
1639,01639.png,9,0.94925892
1640,01640.png,33,0.92393905
1641,01641.png,13,0.92210799
1642,01642.png,35,0.94257498
1643,01643.png,19,0.98941725
1644,01644.png,8,0.94264263
1645,01645.png,5,0.91395092
1646,01646.png,34,0.94482648
1647,01647.png,9,0.92950046
1648,01648.png,10,0.90226483
1649,01649.png,1,0.80721462
1650,01650.png,35,0.92013299
1651,01651.png,17,0.93940359
1652,01652.png,13,0.90581417
1653,01653.png,10,0.89510566
1654,01654.png,38,0.92421860
1655,01655.png,13,0.90919179
1656,01656.png,7,0.92349911
1657,01657.png,26,0.97513652
1658,01658.png,12,0.91342646
1659,01659.png,14,0.95626301
1660,01660.png,7,0.90764838
1661,01661.png,28,0.98166198
1662,01662.png,17,0.94723064
1663,01663.png,31,0.92629141
1664,01664.png,2,0.92787665
1665,01665.png,25,0.89941955
1666,01666.png,16,0.98373276
1667,01667.png,6,0.96858537
1668,01668.png,12,0.91841161
1669,01669.png,38,0.92569137
1670,01670.png,17,0.93894994
1671,01671.png,10,0.94598967
1672,01672.png,9,0.92152381
1673,01673.png,7,0.93303072
1674,01674.png,15,0.84190977
1675,01675.png,22,0.95205599
1676,01676.png,7,0.95206463
1677,01677.png,1,0.91598129
1678,01678.png,38,0.90880835
1679,01679.png,13,0.93455130
1680,01680.png,13,0.90802675
1681,01681.png,25,0.91981715
1682,01682.png,17,0.82537824
1683,01683.png,23,0.90346342
1684,01684.png,31,0.92110163
1685,01685.png,38,0.49784821
1686,01686.png,7,0.92234522
1687,01687.png,38,0.91020119
1688,01688.png,1,0.91710025
1689,01689.png,25,0.90228474
1690,01690.png,7,0.94367719
1691,01691.png,34,0.97185725
1692,01692.png,9,0.93933320
1693,01693.png,17,0.94342470
1694,01694.png,5,0.96280718
1695,01695.png,26,0.95726490
1696,01696.png,17,0.95045841
1697,01697.png,30,0.98411351
1698,01698.png,38,0.92382449
1699,01699.png,27,0.96268046
1700,01700.png,6,0.94054371
1701,01701.png,5,0.90520209
1702,01702.png,32,0.97205544
1703,01703.png,25,0.94424582
1704,01704.png,16,0.98154300
1705,01705.png,35,0.93007356
1706,01706.png,18,0.90292245
1707,01707.png,7,0.93785179
1708,01708.png,8,0.93265015
1709,01709.png,30,0.63005680
1710,01710.png,1,0.90483075
1711,01711.png,1,0.90785289
1712,01712.png,40,0.90950882
1713,01713.png,30,0.98508888
1714,01714.png,42,0.97368515
1715,01715.png,10,0.91730022
1716,01716.png,9,0.90937579
1717,01717.png,10,0.90735376
1718,01718.png,11,0.86402762
1719,01719.png,10,0.91327310
1720,01720.png,10,0.87945348
1721,01721.png,13,0.91851258
1722,01722.png,13,0.86618584
1723,01723.png,15,0.92942894
1724,01724.png,12,0.91849041
1725,01725.png,38,0.90908736
1726,01726.png,10,0.86868036
1727,01727.png,40,0.90197426
1728,01728.png,31,0.94267642
1729,01729.png,4,0.93072546
1730,01730.png,2,0.86244363
1731,01731.png,33,0.94699544
1732,01732.png,18,0.95538217
1733,01733.png,1,0.91660166
1734,01734.png,2,0.88929778
1735,01735.png,12,0.90123111
1736,01736.png,4,0.92066693
1737,01737.png,15,0.93435425
1738,01738.png,17,0.93104726
1739,01739.png,10,0.93896866
1740,01740.png,13,0.92630827
1741,01741.png,36,0.97731817
1742,01742.png,25,0.91796297
1743,01743.png,2,0.93835306
1744,01744.png,10,0.91237235
1745,01745.png,5,0.93107939
1746,01746.png,39,0.98280728
1747,01747.png,12,0.70890021
1748,01748.png,8,0.92590207
1749,01749.png,38,0.91496521
1750,01750.png,26,0.96570599
1751,01751.png,19,0.87658483
1752,01752.png,31,0.94598562
1753,01753.png,18,0.96431369
1754,01754.png,38,0.84615970
1755,01755.png,5,0.95153666
1756,01756.png,9,0.92510009
1757,01757.png,7,0.92435879
1758,01758.png,36,0.98341054
1759,01759.png,21,0.94418502
1760,01760.png,20,0.97992378
1761,01761.png,37,0.99243778
1762,01762.png,17,0.94276077
1763,01763.png,41,0.95787245
1764,01764.png,23,0.94342893
1765,01765.png,34,0.96422303
1766,01766.png,14,0.93525875
1767,01767.png,2,0.90554798
1768,01768.png,1,0.89608085
1769,01769.png,18,0.94396847
1770,01770.png,3,0.93113434
1771,01771.png,3,0.89942521
1772,01772.png,39,0.98944187
1773,01773.png,10,0.89605570
1774,01774.png,4,0.92641878
1775,01775.png,12,0.91398257
1776,01776.png,11,0.93599486
1777,01777.png,3,0.92478693
1778,01778.png,35,0.92954612
1779,01779.png,35,0.94071352
1780,01780.png,33,0.94439930
1781,01781.png,38,0.67599088
1782,01782.png,8,0.88509732
1783,01783.png,10,0.90365320
1784,01784.png,35,0.93043238
1785,01785.png,25,0.94851053
1786,01786.png,31,0.94419914
1787,01787.png,5,0.91042471
1788,01788.png,1,0.88010806
1789,01789.png,7,0.92143369
1790,01790.png,40,0.89228845
1791,01791.png,11,0.91360271
1792,01792.png,38,0.89097852
1793,01793.png,8,0.93267536
1794,01794.png,25,0.92916834
1795,01795.png,12,0.91246510
1796,01796.png,14,0.95529556
1797,01797.png,31,0.92910188
1798,01798.png,7,0.92966038
1799,01799.png,9,0.94590235
1800,01800.png,13,0.91332203
1801,01801.png,22,0.93638104
1802,01802.png,24,0.97593713
1803,01803.png,7,0.93526721
1804,01804.png,11,0.93475312
1805,01805.png,28,0.97278196
1806,01806.png,38,0.92568994
1807,01807.png,16,0.98381436
1808,01808.png,9,0.91671550
1809,01809.png,35,0.94552821
1810,01810.png,12,0.89582992
1811,01811.png,4,0.90887785
1812,01812.png,12,0.93733519
1813,01813.png,9,0.92719513
1814,01814.png,36,0.98262227
1815,01815.png,10,0.91313529
1816,01816.png,8,0.93054634
1817,01817.png,31,0.33957958
1818,01818.png,13,0.93720210
1819,01819.png,6,0.67094117
1820,01820.png,5,0.94562745
1821,01821.png,28,0.98323971
1822,01822.png,13,0.91120380
1823,01823.png,35,0.94810402
1824,01824.png,30,0.97757065
1825,01825.png,4,0.91915435
1826,01826.png,14,0.93955910
1827,01827.png,23,0.76563722
1828,01828.png,35,0.94340688
1829,01829.png,38,0.93724900
1830,01830.png,7,0.94930547
1831,01831.png,5,0.91858768
1832,01832.png,5,0.92321050
1833,01833.png,16,0.98120719
1834,01834.png,4,0.92339796
1835,01835.png,2,0.88257408
1836,01836.png,15,0.87704569
1837,01837.png,4,0.91855943
1838,01838.png,17,0.94099814
1839,01839.png,35,0.93924463
1840,01840.png,27,0.91258758
1841,01841.png,33,0.90675157
1842,01842.png,2,0.90271080
1843,01843.png,29,0.97700161
1844,01844.png,5,0.92456114
1845,01845.png,11,0.91898781
1846,01846.png,4,0.92374402
1847,01847.png,10,0.91718179
1848,01848.png,14,0.95288587
1849,01849.png,13,0.91796798
1850,01850.png,35,0.91442871
1851,01851.png,28,0.96432364
1852,01852.png,13,0.92384911
1853,01853.png,0,0.84143710
1854,01854.png,29,0.96721643
1855,01855.png,5,0.92776948
1856,01856.png,24,0.97706556
1857,01857.png,12,0.93380445
1858,01858.png,10,0.89350194
1859,01859.png,38,0.88202339
1860,01860.png,9,0.90433139
1861,01861.png,42,0.95990556
1862,01862.png,5,0.92151177
1863,01863.png,1,0.90008920
1864,01864.png,13,0.92447221
1865,01865.png,21,0.93663043
1866,01866.png,9,0.94552702
1867,01867.png,33,0.94472486
1868,01868.png,25,0.93599653
1869,01869.png,25,0.93031240
1870,01870.png,10,0.90237761
1871,01871.png,33,0.93223482
1872,01872.png,9,0.92242312
1873,01873.png,12,0.93832588
1874,01874.png,14,0.93803406
1875,01875.png,38,0.90311569
1876,01876.png,38,0.77705687
1877,01877.png,2,0.90033621
1878,01878.png,7,0.92799222
1879,01879.png,25,0.94507653
1880,01880.png,5,0.89459515
1881,01881.png,15,0.93933266
1882,01882.png,12,0.90769672
1883,01883.png,1,0.90957141
1884,01884.png,2,0.73110944
1885,01885.png,1,0.88229644
1886,01886.png,18,0.94958079
1887,01887.png,8,0.94006109
1888,01888.png,16,0.98638189
1889,01889.png,39,0.98702455
1890,01890.png,13,0.89729649
1891,01891.png,10,0.91523808
1892,01892.png,1,0.91018885
1893,01893.png,4,0.93871009
1894,01894.png,2,0.87825716
1895,01895.png,17,0.94717640
1896,01896.png,23,0.93910766
1897,01897.png,9,0.91249454
1898,01898.png,21,0.96209532
1899,01899.png,38,0.90100241
1900,01900.png,10,0.93471360
1901,01901.png,10,0.85688013
1902,01902.png,31,0.94142425
1903,01903.png,2,0.90624696
1904,01904.png,36,0.97555977
1905,01905.png,38,0.91282851
1906,01906.png,2,0.89132100
1907,01907.png,31,0.93750370
1908,01908.png,38,0.93043905
1909,01909.png,7,0.54178244
1910,01910.png,22,0.95503879
1911,01911.png,25,0.91739935
1912,01912.png,9,0.93998051
1913,01913.png,38,0.90112185
1914,01914.png,34,0.88857782
1915,01915.png,38,0.91304326
1916,01916.png,29,0.97178560
1917,01917.png,16,0.96753359
1918,01918.png,25,0.89678770
1919,01919.png,35,0.94984829
1920,01920.png,8,0.93983614
1921,01921.png,22,0.97162205
1922,01922.png,5,0.93370873
1923,01923.png,13,0.89994615
1924,01924.png,4,0.94113803
1925,01925.png,11,0.84829640
1926,01926.png,34,0.92514724
1927,01927.png,31,0.95161134
1928,01928.png,25,0.92450571
1929,01929.png,1,0.89859748
1930,01930.png,13,0.91668379
1931,01931.png,8,0.92987853
1932,01932.png,1,0.91386032
1933,01933.png,12,0.91159523
1934,01934.png,2,0.86302656
1935,01935.png,17,0.93759376
1936,01936.png,8,0.95088547
1937,01937.png,30,0.62652910
1938,01938.png,5,0.92449963
1939,01939.png,2,0.53612334
1940,01940.png,5,0.92238528
1941,01941.png,15,0.93559903
1942,01942.png,1,0.90886700
1943,01943.png,10,0.94858593
1944,01944.png,11,0.94373918
1945,01945.png,8,0.93709642
1946,01946.png,25,0.93176979
1947,01947.png,18,0.65954262
1948,01948.png,17,0.94130164
1949,01949.png,10,0.87557101
1950,01950.png,15,0.92950493
1951,01951.png,25,0.93393242
1952,01952.png,5,0.92319959
1953,01953.png,4,0.91477436
1954,01954.png,4,0.91474700
1955,01955.png,1,0.90064138
1956,01956.png,4,0.93928689
1957,01957.png,7,0.93563849
1958,01958.png,40,0.95244867
1959,01959.png,11,0.95580411
1960,01960.png,1,0.88631481
1961,01961.png,20,0.98333782
1962,01962.png,17,0.95664984
1963,01963.png,26,0.98765367
1964,01964.png,38,0.89107823
1965,01965.png,12,0.91456789
1966,01966.png,7,0.93923432
1967,01967.png,4,0.90873408
1968,01968.png,1,0.86469907
1969,01969.png,37,0.62529212
1970,01970.png,9,0.93359190
1971,01971.png,9,0.92452365
1972,01972.png,5,0.94515449
1973,01973.png,1,0.90203547
1974,01974.png,34,0.85806727
1975,01975.png,12,0.93052441
1976,01976.png,30,0.98278135
1977,01977.png,12,0.91494554
1978,01978.png,10,0.90868992
1979,01979.png,3,0.91310561
1980,01980.png,10,0.90423244
1981,01981.png,17,0.95011121
1982,01982.png,10,0.90345573
1983,01983.png,7,0.93036407
1984,01984.png,10,0.91820318
1985,01985.png,25,0.92906708
1986,01986.png,2,0.86407822
1987,01987.png,22,0.96974021
1988,01988.png,8,0.90426022
1989,01989.png,38,0.91359198
1990,01990.png,7,0.93387920
1991,01991.png,2,0.90284789
1992,01992.png,22,0.94224519
1993,01993.png,11,0.93380809
1994,01994.png,11,0.93893313
1995,01995.png,13,0.91297042
1996,01996.png,35,0.93840903
1997,01997.png,12,0.92104316
1998,01998.png,3,0.92076021
1999,01999.png,3,0.91668129
2000,02000.png,34,0.97567278
2001,02001.png,38,0.87811410
2002,02002.png,8,0.65214723
2003,02003.png,11,0.94910568
2004,02004.png,9,0.92040056
2005,02005.png,26,0.91770971
2006,02006.png,17,0.96081227
2007,02007.png,2,0.87136608
2008,02008.png,4,0.90949970
2009,02009.png,35,0.94334066
2010,02010.png,36,0.97561955
2011,02011.png,12,0.92469096
2012,02012.png,38,0.90865052
2013,02013.png,10,0.92024112
2014,02014.png,22,0.96508849
2015,02015.png,38,0.93407798
2016,02016.png,8,0.96031147
2017,02017.png,7,0.95439708
2018,02018.png,9,0.43864924
2019,02019.png,17,0.95618737
2020,02020.png,3,0.91394800
2021,02021.png,25,0.94714069
2022,02022.png,7,0.92106086
2023,02023.png,4,0.92217761
2024,02024.png,1,0.90189129
2025,02025.png,4,0.44654667
2026,02026.png,1,0.89713782
2027,02027.png,38,0.90764034
2028,02028.png,4,0.93829125
2029,02029.png,25,0.93612725
2030,02030.png,10,0.89941758
2031,02031.png,7,0.94124013
2032,02032.png,38,0.92911834
2033,02033.png,13,0.89919817
2034,02034.png,14,0.94465166
2035,02035.png,35,0.93290830
2036,02036.png,26,0.94211775
2037,02037.png,35,0.93498510
2038,02038.png,25,0.93690073
2039,02039.png,12,0.91103035
2040,02040.png,13,0.88332796
2041,02041.png,4,0.91818076
2042,02042.png,7,0.92506433
2043,02043.png,1,0.89237225
2044,02044.png,3,0.91188711
2045,02045.png,0,0.87275964
2046,02046.png,38,0.89561367
2047,02047.png,7,0.94661170
2048,02048.png,2,0.90956938
2049,02049.png,13,0.88908738
2050,02050.png,39,0.98954928
2051,02051.png,1,0.89443803
2052,02052.png,25,0.83803648
2053,02053.png,3,0.90714604
2054,02054.png,26,0.56040388
2055,02055.png,1,0.87328738
2056,02056.png,32,0.97438669
2057,02057.png,36,0.97012275
2058,02058.png,12,0.90116978
2059,02059.png,9,0.92228824
2060,02060.png,14,0.91249174
2061,02061.png,9,0.91599411
2062,02062.png,2,0.88234317
2063,02063.png,2,0.86183244
2064,02064.png,5,0.90420544
2065,02065.png,18,0.96969134
2066,02066.png,11,0.91778368
2067,02067.png,12,0.92078954
2068,02068.png,15,0.94558471
2069,02069.png,18,0.94643122
2070,02070.png,11,0.92626351
2071,02071.png,12,0.90225524
2072,02072.png,30,0.97953278
2073,02073.png,1,0.89032215
2074,02074.png,9,0.89554179
2075,02075.png,18,0.94203901
2076,02076.png,33,0.91218162
2077,02077.png,7,0.92985874
2078,02078.png,38,0.92948598
2079,02079.png,17,0.95216650
2080,02080.png,2,0.91624451
2081,02081.png,9,0.93732709
2082,02082.png,15,0.93695563
2083,02083.png,13,0.90524065
2084,02084.png,10,0.89929956
2085,02085.png,31,0.90843236
2086,02086.png,28,0.98187983
2087,02087.png,18,0.97734308
2088,02088.png,1,0.90010715
2089,02089.png,13,0.90850830
2090,02090.png,31,0.94435370
2091,02091.png,28,0.97074944
2092,02092.png,9,0.91591811
2093,02093.png,11,0.94638819
2094,02094.png,25,0.93597347
2095,02095.png,37,0.98609692
2096,02096.png,25,0.92884129
2097,02097.png,12,0.92986339
2098,02098.png,18,0.97097594
2099,02099.png,1,0.93118656
2100,02100.png,29,0.96994644
2101,02101.png,31,0.92156947
2102,02102.png,7,0.92414504
2103,02103.png,2,0.87986338
2104,02104.png,2,0.87867337
2105,02105.png,6,0.92267770
2106,02106.png,7,0.90939808
2107,02107.png,4,0.90235764
2108,02108.png,36,0.97198355
2109,02109.png,30,0.97882873
2110,02110.png,2,0.87597066
2111,02111.png,17,0.94747013
2112,02112.png,18,0.91872281
2113,02113.png,5,0.91335386
2114,02114.png,2,0.88962430
2115,02115.png,13,0.89615732
2116,02116.png,26,0.98506910
2117,02117.png,7,0.88595051
2118,02118.png,9,0.91507554
2119,02119.png,3,0.91937780
2120,02120.png,38,0.82109952
2121,02121.png,18,0.93437213
2122,02122.png,11,0.92956787
2123,02123.png,13,0.92539155
2124,02124.png,11,0.72224903
2125,02125.png,13,0.94173878
2126,02126.png,10,0.90823460
2127,02127.png,5,0.92409760
2128,02128.png,16,0.96666884
2129,02129.png,13,0.90687323
2130,02130.png,16,0.97864026
2131,02131.png,9,0.92450643
2132,02132.png,3,0.91824168
2133,02133.png,16,0.96994084
2134,02134.png,13,0.90328586
2135,02135.png,35,0.96671116
2136,02136.png,13,0.92000580
2137,02137.png,10,0.91125774
2138,02138.png,36,0.97915649
2139,02139.png,1,0.91303146
2140,02140.png,38,0.87923259
2141,02141.png,17,0.94550443
2142,02142.png,12,0.92281330
2143,02143.png,11,0.95068860
2144,02144.png,2,0.90356714
2145,02145.png,4,0.91940510
2146,02146.png,13,0.90113866
2147,02147.png,18,0.95442247
2148,02148.png,12,0.91878760
2149,02149.png,33,0.97238064
2150,02150.png,11,0.91314852
2151,02151.png,36,0.97763389
2152,02152.png,31,0.94856942
2153,02153.png,7,0.90904373
2154,02154.png,1,0.89640093
2155,02155.png,5,0.95028442
2156,02156.png,10,0.90671933
2157,02157.png,27,0.71214861
2158,02158.png,3,0.92650348
2159,02159.png,40,0.92385614
2160,02160.png,0,0.95446593
2161,02161.png,4,0.94440120
2162,02162.png,9,0.90145117
2163,02163.png,2,0.88236344
2164,02164.png,2,0.90364599
2165,02165.png,2,0.86802417
2166,02166.png,13,0.94765115
2167,02167.png,16,0.95522702
2168,02168.png,13,0.90400648
2169,02169.png,2,0.88755351
2170,02170.png,18,0.92641896
2171,02171.png,2,0.88764250
2172,02172.png,18,0.94978172
2173,02173.png,6,0.92069101
2174,02174.png,9,0.92436880
2175,02175.png,2,0.88462979
2176,02176.png,17,0.80854082
2177,02177.png,14,0.94056684
2178,02178.png,5,0.94070429
2179,02179.png,12,0.90028888
2180,02180.png,5,0.94131738
2181,02181.png,26,0.97455877
2182,02182.png,3,0.92904794
2183,02183.png,17,0.95743066
2184,02184.png,40,0.95435798
2185,02185.png,38,0.91415507
2186,02186.png,14,0.93570870
2187,02187.png,16,0.97962153
2188,02188.png,6,0.97110790
2189,02189.png,8,0.92749488
2190,02190.png,4,0.91659021
2191,02191.png,5,0.91759676
2192,02192.png,4,0.91006613
2193,02193.png,11,0.87472814
2194,02194.png,5,0.92505574
2195,02195.png,13,0.93145251
2196,02196.png,2,0.92093366
2197,02197.png,11,0.93750852
2198,02198.png,12,0.91466665
2199,02199.png,4,0.92886484
2200,02200.png,7,0.90876174
2201,02201.png,38,0.90639955
2202,02202.png,33,0.95122975
2203,02203.png,10,0.91703749
2204,02204.png,33,0.95876259
2205,02205.png,12,0.90759140
2206,02206.png,14,0.95723301
2207,02207.png,38,0.92343277
2208,02208.png,1,0.89352733
2209,02209.png,23,0.97923499
2210,02210.png,7,0.92277825
2211,02211.png,27,0.94578701
2212,02212.png,35,0.91842771
2213,02213.png,10,0.89470804
2214,02214.png,4,0.92027152
2215,02215.png,1,0.91617060
2216,02216.png,11,0.85903716
2217,02217.png,35,0.93399364
2218,02218.png,42,0.97318834
2219,02219.png,28,0.91671163
2220,02220.png,8,0.94422656
2221,02221.png,12,0.93442315
2222,02222.png,5,0.95617408
2223,02223.png,18,0.93196279
2224,02224.png,35,0.95100373
2225,02225.png,17,0.95367551
2226,02226.png,4,0.91483164
2227,02227.png,8,0.94511658
2228,02228.png,26,0.95543963
2229,02229.png,17,0.94343734
2230,02230.png,14,0.94591349
2231,02231.png,8,0.93597859
2232,02232.png,15,0.94134748
2233,02233.png,10,0.92241704
2234,02234.png,5,0.92365003
2235,02235.png,8,0.67876178
2236,02236.png,6,0.94767147
2237,02237.png,14,0.94943160
2238,02238.png,10,0.90477949
2239,02239.png,35,0.92895454
2240,02240.png,1,0.90462321
2241,02241.png,13,0.89747256
2242,02242.png,22,0.95913726
2243,02243.png,16,0.97717309
2244,02244.png,1,0.89464784
2245,02245.png,35,0.94388020
2246,02246.png,5,0.89989203
2247,02247.png,13,0.93127429
2248,02248.png,38,0.90494722
2249,02249.png,7,0.95115769
2250,02250.png,1,0.90617120
2251,02251.png,4,0.90521485
2252,02252.png,25,0.92894149
2253,02253.png,11,0.89434326
2254,02254.png,3,0.90734434
2255,02255.png,12,0.91898710
2256,02256.png,2,0.91489255
2257,02257.png,12,0.91157347
2258,02258.png,12,0.58532470
2259,02259.png,10,0.90805143
2260,02260.png,10,0.91674358
2261,02261.png,13,0.88597697
2262,02262.png,6,0.93066657
2263,02263.png,23,0.87564570
2264,02264.png,13,0.91344368
2265,02265.png,25,0.93619788
2266,02266.png,2,0.90360343
2267,02267.png,12,0.91279095
2268,02268.png,13,0.93666637
2269,02269.png,2,0.89820552
2270,02270.png,12,0.92000747
2271,02271.png,13,0.91649801
2272,02272.png,4,0.90192503
2273,02273.png,16,0.97446793
2274,02274.png,20,0.98753905
2275,02275.png,12,0.95699984
2276,02276.png,25,0.91099703
2277,02277.png,10,0.92559844
2278,02278.png,1,0.88381284
2279,02279.png,7,0.93215829
2280,02280.png,38,0.91742235
2281,02281.png,5,0.94940335
2282,02282.png,13,0.90433198
2283,02283.png,9,0.93880051
2284,02284.png,4,0.90807235
2285,02285.png,38,0.91215134
2286,02286.png,10,0.89935297
2287,02287.png,17,0.95281649
2288,02288.png,30,0.98259544
2289,02289.png,13,0.90653938
2290,02290.png,1,0.89494282
2291,02291.png,14,0.92080617
2292,02292.png,10,0.92055911
2293,02293.png,10,0.91152185
2294,02294.png,33,0.92308205
2295,02295.png,2,0.91683173
2296,02296.png,13,0.91558307
2297,02297.png,2,0.89153868
2298,02298.png,7,0.94902730
2299,02299.png,36,0.96819246
2300,02300.png,6,0.93433654
2301,02301.png,1,0.92075878
2302,02302.png,12,0.91392052
2303,02303.png,17,0.94816357
2304,02304.png,17,0.94819683
2305,02305.png,1,0.92814684
2306,02306.png,4,0.89488536
2307,02307.png,1,0.91643190
2308,02308.png,34,0.92517704
2309,02309.png,3,0.90270245
2310,02310.png,5,0.89320546
2311,02311.png,35,0.94502658
2312,02312.png,1,0.89971310
2313,02313.png,1,0.90883845
2314,02314.png,4,0.91990823
2315,02315.png,13,0.89958042
2316,02316.png,21,0.98263967
2317,02317.png,25,0.92435360
2318,02318.png,3,0.92073798
2319,02319.png,7,0.93521959
2320,02320.png,5,0.93581539
2321,02321.png,3,0.92310601
2322,02322.png,7,0.93664581
2323,02323.png,2,0.90303850
2324,02324.png,5,0.88396370
2325,02325.png,15,0.92506826
2326,02326.png,19,0.99099064
2327,02327.png,4,0.60506594
2328,02328.png,10,0.90231800
2329,02329.png,14,0.94561112
2330,02330.png,28,0.98739934
2331,02331.png,38,0.89993471
2332,02332.png,42,0.92600548
2333,02333.png,36,0.97454673
2334,02334.png,17,0.92851299
2335,02335.png,1,0.90406448
2336,02336.png,5,0.92984051
2337,02337.png,38,0.89896429
2338,02338.png,8,0.92903590
2339,02339.png,16,0.98765612
2340,02340.png,7,0.93750590
2341,02341.png,13,0.89039648
2342,02342.png,31,0.83281380
2343,02343.png,1,0.87757981
2344,02344.png,25,0.93566132
2345,02345.png,32,0.97612995
2346,02346.png,5,0.89176369
2347,02347.png,29,0.97261602
2348,02348.png,4,0.92234159
2349,02349.png,13,0.89158416
2350,02350.png,35,0.94058603
2351,02351.png,33,0.94663215
2352,02352.png,5,0.84677887
2353,02353.png,4,0.93051988
2354,02354.png,10,0.92354262
2355,02355.png,18,0.93112177
2356,02356.png,1,0.89053327
2357,02357.png,11,0.94706774
2358,02358.png,33,0.93474579
2359,02359.png,10,0.87688947
2360,02360.png,30,0.98171073
2361,02361.png,11,0.81381387
2362,02362.png,5,0.91054076
2363,02363.png,31,0.96293849
2364,02364.png,12,0.94300550
2365,02365.png,2,0.90030450
2366,02366.png,2,0.92266589
2367,02367.png,1,0.88966596
2368,02368.png,8,0.91479528
2369,02369.png,13,0.90140283
2370,02370.png,21,0.98363519
2371,02371.png,2,0.88564098
2372,02372.png,1,0.83408183
2373,02373.png,25,0.92420799
2374,02374.png,8,0.90455830
2375,02375.png,33,0.92042035
2376,02376.png,4,0.95027506
2377,02377.png,17,0.93214709
2378,02378.png,11,0.39931715
2379,02379.png,12,0.29712257
2380,02380.png,26,0.95503837
2381,02381.png,11,0.95225763
2382,02382.png,2,0.89660305
2383,02383.png,7,0.94244617
2384,02384.png,22,0.97546571
2385,02385.png,10,0.89961118
2386,02386.png,4,0.92855102
2387,02387.png,25,0.92690265
2388,02388.png,31,0.92963004
2389,02389.png,10,0.91304773
2390,02390.png,18,0.95668292
2391,02391.png,1,0.88527703
2392,02392.png,11,0.93408895
2393,02393.png,17,0.90715909
2394,02394.png,7,0.94694072
2395,02395.png,2,0.87279278
2396,02396.png,24,0.98815876
2397,02397.png,3,0.95161617
2398,02398.png,7,0.94652176
2399,02399.png,5,0.93471777
2400,02400.png,28,0.95567995
2401,02401.png,12,0.91006452
2402,02402.png,8,0.95297283
2403,02403.png,23,0.92499727
2404,02404.png,38,0.89784318
2405,02405.png,1,0.91401654
2406,02406.png,34,0.95627272
2407,02407.png,23,0.96695852
2408,02408.png,2,0.87183619
2409,02409.png,8,0.92279470
2410,02410.png,38,0.90279114
2411,02411.png,9,0.90347964
2412,02412.png,38,0.90617543
2413,02413.png,8,0.93418235
2414,02414.png,25,0.92259479
2415,02415.png,13,0.91017568
2416,02416.png,38,0.87982529
2417,02417.png,13,0.90125757
2418,02418.png,4,0.91926557
2419,02419.png,31,0.93135619
2420,02420.png,12,0.90762401
2421,02421.png,8,0.93190736
2422,02422.png,31,0.94031894
2423,02423.png,22,0.95119762
2424,02424.png,6,0.96614558
2425,02425.png,18,0.92662120
2426,02426.png,10,0.91576451
2427,02427.png,33,0.93219858
2428,02428.png,5,0.96681112
2429,02429.png,1,0.91552711
2430,02430.png,4,0.91827142
2431,02431.png,12,0.92630124
2432,02432.png,35,0.30495980
2433,02433.png,25,0.93909186
2434,02434.png,2,0.31959808
2435,02435.png,11,0.94151258
2436,02436.png,13,0.88058466
2437,02437.png,7,0.93928838
2438,02438.png,14,0.95008397
2439,02439.png,8,0.94078130
2440,02440.png,11,0.93319267
2441,02441.png,1,0.91323590
2442,02442.png,11,0.93090868
2443,02443.png,17,0.94188333
2444,02444.png,35,0.94057602
2445,02445.png,4,0.92328364
2446,02446.png,26,0.94648141
2447,02447.png,6,0.97144157
2448,02448.png,19,0.98750985
2449,02449.png,9,0.92057711
2450,02450.png,11,0.82728589
2451,02451.png,35,0.95595419
2452,02452.png,38,0.93208879
2453,02453.png,25,0.92642397
2454,02454.png,2,0.89727598
2455,02455.png,9,0.93458301
2456,02456.png,13,0.89977008
2457,02457.png,2,0.90044379
2458,02458.png,13,0.91292346
2459,02459.png,18,0.91782337
2460,02460.png,11,0.73113787
2461,02461.png,38,0.90702969
2462,02462.png,10,0.90200162
2463,02463.png,2,0.90023434
2464,02464.png,9,0.94606137
2465,02465.png,12,0.92080265
2466,02466.png,2,0.90292561
2467,02467.png,9,0.90855664
2468,02468.png,5,0.92278874
2469,02469.png,1,0.84784645
2470,02470.png,10,0.87745029
2471,02471.png,25,0.88344675
2472,02472.png,2,0.86430043
2473,02473.png,38,0.91870832
2474,02474.png,16,0.98512727
2475,02475.png,38,0.91311949
2476,02476.png,29,0.23830698
2477,02477.png,12,0.88656807
2478,02478.png,12,0.91484177
2479,02479.png,31,0.90305346
2480,02480.png,6,0.94524896
2481,02481.png,11,0.92883068
2482,02482.png,25,0.89949214
2483,02483.png,17,0.95098197
2484,02484.png,25,0.95026672
2485,02485.png,36,0.97541600
2486,02486.png,9,0.90310371
2487,02487.png,40,0.95704842
2488,02488.png,13,0.93843096
2489,02489.png,25,0.91681594
2490,02490.png,4,0.90612018
2491,02491.png,9,0.93925685
2492,02492.png,22,0.95666993
2493,02493.png,2,0.90713024
2494,02494.png,2,0.42321628
2495,02495.png,13,0.91437370
2496,02496.png,3,0.92030382
2497,02497.png,4,0.92293501
2498,02498.png,38,0.91333157
2499,02499.png,12,0.90961254
2500,02500.png,32,0.97899401
2501,02501.png,12,0.91039580
2502,02502.png,23,0.94361359
2503,02503.png,39,0.99046689
2504,02504.png,35,0.94693100
2505,02505.png,31,0.93936610
2506,02506.png,40,0.93930113
2507,02507.png,2,0.88582355
2508,02508.png,9,0.96439141
2509,02509.png,5,0.96653563
2510,02510.png,8,0.94597155
2511,02511.png,20,0.98298371
2512,02512.png,5,0.91417116
2513,02513.png,9,0.93118781
2514,02514.png,2,0.89602023
2515,02515.png,11,0.93566537
2516,02516.png,12,0.90901721
2517,02517.png,29,0.97299409
2518,02518.png,17,0.87251037
2519,02519.png,8,0.94713169
2520,02520.png,3,0.89993846
2521,02521.png,15,0.92599159
2522,02522.png,3,0.94109392
2523,02523.png,13,0.88224846
2524,02524.png,10,0.89459056
2525,02525.png,13,0.91739714
2526,02526.png,4,0.91849273
2527,02527.png,1,0.91283631
2528,02528.png,25,0.89919257
2529,02529.png,5,0.83592814
2530,02530.png,26,0.95143723
2531,02531.png,25,0.94224000
2532,02532.png,10,0.89867353
2533,02533.png,1,0.90083271
2534,02534.png,8,0.94325858
2535,02535.png,40,0.92094600
2536,02536.png,9,0.92244685
2537,02537.png,10,0.91631216
2538,02538.png,3,0.89820427
2539,02539.png,25,0.92808574
2540,02540.png,25,0.93385476
2541,02541.png,12,0.89730585
2542,02542.png,10,0.89679557
2543,02543.png,13,0.91483104
2544,02544.png,39,0.98779386
2545,02545.png,17,0.91285831
2546,02546.png,7,0.93147045
2547,02547.png,17,0.94929743
2548,02548.png,9,0.92415780
2549,02549.png,12,0.90585542
2550,02550.png,1,0.89677644
2551,02551.png,9,0.93711865
2552,02552.png,10,0.89789158
2553,02553.png,4,0.93294567
2554,02554.png,9,0.91811585
2555,02555.png,18,0.95387560
2556,02556.png,7,0.91952914
2557,02557.png,4,0.92263830
2558,02558.png,1,0.90914816
2559,02559.png,19,0.42580754
2560,02560.png,2,0.89895743
2561,02561.png,4,0.92570394
2562,02562.png,35,0.94533479
2563,02563.png,11,0.91118175
2564,02564.png,9,0.91422862
2565,02565.png,5,0.93306565
2566,02566.png,2,0.73112720
2567,02567.png,7,0.93145633
2568,02568.png,25,0.95106679
2569,02569.png,14,0.95252711
2570,02570.png,26,0.97584099
2571,02571.png,23,0.97160643
2572,02572.png,5,0.93418700
2573,02573.png,18,0.93772042
2574,02574.png,2,0.91579533
2575,02575.png,29,0.96365023
2576,02576.png,25,0.91290307
2577,02577.png,1,0.56224138
2578,02578.png,22,0.89947891
2579,02579.png,12,0.90722179
2580,02580.png,1,0.90650463
2581,02581.png,14,0.95576859
2582,02582.png,34,0.97541672
2583,02583.png,33,0.96077728
2584,02584.png,19,0.98850715
2585,02585.png,2,0.89879370
2586,02586.png,12,0.92027545
2587,02587.png,9,0.94381291
2588,02588.png,17,0.94969207
2589,02589.png,26,0.95741564
2590,02590.png,13,0.91778928
2591,02591.png,14,0.94768614
2592,02592.png,3,0.92026424
2593,02593.png,2,0.88609701
2594,02594.png,2,0.91323274
2595,02595.png,5,0.90263474
2596,02596.png,17,0.93485051
2597,02597.png,25,0.93469882
2598,02598.png,17,0.95215142
2599,02599.png,30,0.97771674
2600,02600.png,30,0.97815293
2601,02601.png,38,0.82286358
2602,02602.png,35,0.93585724
2603,02603.png,4,0.91683978
2604,02604.png,2,0.93310058
2605,02605.png,2,0.89391357
2606,02606.png,28,0.98518199
2607,02607.png,33,0.95599592
2608,02608.png,33,0.94968820
2609,02609.png,33,0.94240206
2610,02610.png,27,0.93511611
2611,02611.png,24,0.98770088
2612,02612.png,25,0.93402392
2613,02613.png,9,0.93862092
2614,02614.png,16,0.97567278
2615,02615.png,12,0.67857271
2616,02616.png,1,0.89397508
2617,02617.png,5,0.92495263
2618,02618.png,34,0.97906965
2619,02619.png,10,0.88580614
2620,02620.png,25,0.92989028
2621,02621.png,25,0.90365970
2622,02622.png,35,0.93412554
2623,02623.png,5,0.92957699
2624,02624.png,13,0.91001248
2625,02625.png,5,0.89632952
2626,02626.png,7,0.94995821
2627,02627.png,4,0.92765409
2628,02628.png,34,0.89780378
2629,02629.png,15,0.94798154
2630,02630.png,7,0.94437200
2631,02631.png,13,0.90705842
2632,02632.png,1,0.92756414
2633,02633.png,23,0.98777300
2634,02634.png,35,0.92607933
2635,02635.png,5,0.89554685
2636,02636.png,13,0.91656500
2637,02637.png,5,0.39338419
2638,02638.png,28,0.98359019
2639,02639.png,13,0.91224229
2640,02640.png,12,0.89082474
2641,02641.png,11,0.93805104
2642,02642.png,25,0.94533789
2643,02643.png,34,0.95208782
2644,02644.png,10,0.89295673
2645,02645.png,3,0.92890835
2646,02646.png,5,0.89670938
2647,02647.png,31,0.93727005
2648,02648.png,11,0.89808100
2649,02649.png,11,0.85482395
2650,02650.png,37,0.98465598
2651,02651.png,12,0.92193830
2652,02652.png,25,0.91658932
2653,02653.png,9,0.97184765
2654,02654.png,13,0.91141170
2655,02655.png,30,0.97649223
2656,02656.png,25,0.94562560
2657,02657.png,25,0.93304074
2658,02658.png,12,0.92478925
2659,02659.png,12,0.90092921
2660,02660.png,30,0.97549725
2661,02661.png,15,0.94399005
2662,02662.png,13,0.91046494
2663,02663.png,1,0.92989266
2664,02664.png,25,0.92322868
2665,02665.png,8,0.91692156
2666,02666.png,13,0.91477334
2667,02667.png,3,0.92951518
2668,02668.png,10,0.91538727
2669,02669.png,18,0.82395446
2670,02670.png,42,0.94620204
2671,02671.png,9,0.93420291
2672,02672.png,16,0.98556083
2673,02673.png,4,0.93886012
2674,02674.png,12,0.91238570
2675,02675.png,15,0.93412012
2676,02676.png,25,0.92777133
2677,02677.png,6,0.95086724
2678,02678.png,41,0.97236323
2679,02679.png,1,0.88589919
2680,02680.png,1,0.90539104
2681,02681.png,2,0.86987334
2682,02682.png,11,0.25588405
2683,02683.png,13,0.90677011
2684,02684.png,33,0.91431701
2685,02685.png,38,0.83544832
2686,02686.png,4,0.92728144
2687,02687.png,5,0.96118087
2688,02688.png,7,0.88196164
2689,02689.png,2,0.88900572
2690,02690.png,35,0.92534930
2691,02691.png,10,0.87569523
2692,02692.png,38,0.91029108
2693,02693.png,4,0.92621928
2694,02694.png,1,0.88176888
2695,02695.png,13,0.91734487
2696,02696.png,11,0.92301708
2697,02697.png,38,0.92426765
2698,02698.png,7,0.93020123
2699,02699.png,5,0.95882428
2700,02700.png,2,0.52104878
2701,02701.png,35,0.94908679
2702,02702.png,37,0.98877174
2703,02703.png,38,0.89929110
2704,02704.png,38,0.92398757
2705,02705.png,1,0.91684836
2706,02706.png,33,0.94761860
2707,02707.png,29,0.97269297
2708,02708.png,26,0.96987331
2709,02709.png,25,0.89868951
2710,02710.png,25,0.90514129
2711,02711.png,10,0.93044508
2712,02712.png,1,0.92011982
2713,02713.png,1,0.89312238
2714,02714.png,1,0.91054374
2715,02715.png,16,0.98232216
2716,02716.png,5,0.90129912
2717,02717.png,23,0.92574054
2718,02718.png,10,0.89202380
2719,02719.png,9,0.60843670
2720,02720.png,17,0.94611377
2721,02721.png,2,0.90981442
2722,02722.png,12,0.91903651
2723,02723.png,9,0.92507613
2724,02724.png,18,0.94991517
2725,02725.png,35,0.86189997
2726,02726.png,10,0.91375870
2727,02727.png,2,0.91075844
2728,02728.png,15,0.93486303
2729,02729.png,12,0.92008913
2730,02730.png,4,0.91930163
2731,02731.png,25,0.91014606
2732,02732.png,10,0.89913416
2733,02733.png,12,0.91728139
2734,02734.png,5,0.93394780
2735,02735.png,13,0.91377079
2736,02736.png,2,0.89302063
2737,02737.png,3,0.90200067
2738,02738.png,28,0.98427272
2739,02739.png,1,0.90453637
2740,02740.png,23,0.82422316
2741,02741.png,2,0.80568373
2742,02742.png,1,0.88082182
2743,02743.png,9,0.90970945
2744,02744.png,5,0.92684865
2745,02745.png,38,0.90472865
2746,02746.png,12,0.90019989
2747,02747.png,1,0.90490258
2748,02748.png,27,0.87075859
2749,02749.png,13,0.91745061
2750,02750.png,9,0.93849248
2751,02751.png,27,0.71847939
2752,02752.png,0,0.87284267
2753,02753.png,5,0.40776163
2754,02754.png,38,0.90683234
2755,02755.png,5,0.91112882
2756,02756.png,4,0.92598557
2757,02757.png,18,0.66310567
2758,02758.png,3,0.59430844
2759,02759.png,36,0.97732443
2760,02760.png,30,0.97650003
2761,02761.png,10,0.90079331
2762,02762.png,38,0.91988713
2763,02763.png,16,0.98437643
2764,02764.png,2,0.87779874
2765,02765.png,31,0.94021577
2766,02766.png,24,0.95968211
2767,02767.png,38,0.92097956
2768,02768.png,25,0.91751152
2769,02769.png,17,0.94454116
2770,02770.png,12,0.90804112
2771,02771.png,29,0.97560740
2772,02772.png,4,0.92752045
2773,02773.png,10,0.91347790
2774,02774.png,14,0.94393468
2775,02775.png,11,0.92388195
2776,02776.png,25,0.90207535
2777,02777.png,18,0.91998374
2778,02778.png,4,0.90217382
2779,02779.png,4,0.91992193
2780,02780.png,8,0.93306428
2781,02781.png,25,0.94496667
2782,02782.png,18,0.84970289
2783,02783.png,7,0.91568822
2784,02784.png,38,0.93073714
2785,02785.png,3,0.92819184
2786,02786.png,13,0.93113363
2787,02787.png,31,0.95997399
2788,02788.png,8,0.93083078
2789,02789.png,21,0.98686647
2790,02790.png,31,0.93448496
2791,02791.png,38,0.88194960
2792,02792.png,2,0.88414818
2793,02793.png,2,0.91813004
2794,02794.png,34,0.94789875
2795,02795.png,10,0.90756273
2796,02796.png,7,0.94713897
2797,02797.png,10,0.90337467
2798,02798.png,38,0.92753553
2799,02799.png,8,0.94952583
2800,02800.png,4,0.90900517
2801,02801.png,12,0.91775036
2802,02802.png,28,0.98850071
2803,02803.png,5,0.96307957
2804,02804.png,39,0.99110740
2805,02805.png,41,0.97846049
2806,02806.png,10,0.91076291
2807,02807.png,13,0.90809435
2808,02808.png,38,0.58443689
2809,02809.png,38,0.90704352
2810,02810.png,19,0.99128777
2811,02811.png,1,0.88258141
2812,02812.png,7,0.94139522
2813,02813.png,6,0.97334212
2814,02814.png,39,0.99009866
2815,02815.png,3,0.93164623
2816,02816.png,1,0.89823925
2817,02817.png,19,0.99469596
2818,02818.png,32,0.96878135
2819,02819.png,38,0.91647995
2820,02820.png,12,0.95309085
2821,02821.png,8,0.95328349
2822,02822.png,35,0.92835844
2823,02823.png,12,0.93150139
2824,02824.png,38,0.91003382
2825,02825.png,17,0.95050246
2826,02826.png,2,0.58626080
2827,02827.png,1,0.88672280
2828,02828.png,14,0.94461900
2829,02829.png,35,0.95501846
2830,02830.png,12,0.94299030
2831,02831.png,35,0.93989730
2832,02832.png,34,0.92979413
2833,02833.png,17,0.94946384
2834,02834.png,42,0.95988494
2835,02835.png,1,0.89163905
2836,02836.png,5,0.72042340
2837,02837.png,31,0.91973758
2838,02838.png,6,0.97430623
2839,02839.png,28,0.95103490
2840,02840.png,12,0.92233378
2841,02841.png,38,0.90781623
2842,02842.png,11,0.89160591
2843,02843.png,5,0.91987520
2844,02844.png,8,0.94134820
2845,02845.png,8,0.94504768
2846,02846.png,29,0.67411417
2847,02847.png,27,0.93902355
2848,02848.png,2,0.88908899
2849,02849.png,1,0.88694072
2850,02850.png,25,0.91021293
2851,02851.png,10,0.92389703
2852,02852.png,31,0.93658239
2853,02853.png,3,0.89675236
2854,02854.png,18,0.96153605
2855,02855.png,18,0.93498856
2856,02856.png,13,0.91047120
2857,02857.png,18,0.94394618
2858,02858.png,13,0.91751117
2859,02859.png,34,0.96779263
2860,02860.png,5,0.93765098
2861,02861.png,4,0.91201490
2862,02862.png,1,0.92102063
2863,02863.png,23,0.84368736
2864,02864.png,30,0.76784188
2865,02865.png,4,0.91961908
2866,02866.png,12,0.90922993
2867,02867.png,1,0.92268658
2868,02868.png,38,0.88345402
2869,02869.png,1,0.92356694
2870,02870.png,12,0.91622764
2871,02871.png,25,0.93362206
2872,02872.png,14,0.94052571
2873,02873.png,38,0.91657668
2874,02874.png,1,0.88413173
2875,02875.png,17,0.95311582
2876,02876.png,9,0.92160720
2877,02877.png,16,0.98968643
2878,02878.png,13,0.91415727
2879,02879.png,7,0.94420373
2880,02880.png,39,0.98334241
2881,02881.png,2,0.89422727
2882,02882.png,8,0.92328900
2883,02883.png,2,0.87891579
2884,02884.png,10,0.89297813
2885,02885.png,25,0.92544293
2886,02886.png,10,0.91621858
2887,02887.png,4,0.93369114
2888,02888.png,4,0.92788637
2889,02889.png,10,0.89068371
2890,02890.png,9,0.93016011
2891,02891.png,39,0.99096924
2892,02892.png,7,0.94780630
2893,02893.png,22,0.93843871
2894,02894.png,40,0.95950383
2895,02895.png,4,0.91092837
2896,02896.png,12,0.93344897
2897,02897.png,10,0.91077387
2898,02898.png,15,0.75885963
2899,02899.png,12,0.89993238
2900,02900.png,13,0.90502167
2901,02901.png,34,0.97709638
2902,02902.png,4,0.92744917
2903,02903.png,2,0.89739454
2904,02904.png,5,0.92487329
2905,02905.png,25,0.88209981
2906,02906.png,37,0.99396777
2907,02907.png,17,0.81494731
2908,02908.png,15,0.87097722
2909,02909.png,14,0.93348688
2910,02910.png,15,0.93601483
2911,02911.png,12,0.90736306
2912,02912.png,26,0.99460286
2913,02913.png,18,0.94298553
2914,02914.png,9,0.91466224
2915,02915.png,17,0.93855560
2916,02916.png,1,0.90590101
2917,02917.png,7,0.90641356
2918,02918.png,31,0.84739798
2919,02919.png,1,0.91370463
2920,02920.png,35,0.94513267
2921,02921.png,11,0.93717140
2922,02922.png,7,0.94916087
2923,02923.png,10,0.93749207
2924,02924.png,5,0.90220392
2925,02925.png,13,0.92374188
2926,02926.png,10,0.89921117
2927,02927.png,9,0.92624980
2928,02928.png,1,0.91256386
2929,02929.png,10,0.90733445
2930,02930.png,0,0.95561212
2931,02931.png,1,0.84579068
2932,02932.png,13,0.89353848
2933,02933.png,10,0.90165812
2934,02934.png,13,0.90712219
2935,02935.png,2,0.88787282
2936,02936.png,18,0.94143051
2937,02937.png,13,0.91466802
2938,02938.png,4,0.91741401
2939,02939.png,2,0.82105553
2940,02940.png,8,0.92331231
2941,02941.png,16,0.98602086
2942,02942.png,17,0.95099372
2943,02943.png,18,0.90766138
2944,02944.png,39,0.99483007
2945,02945.png,15,0.93631512
2946,02946.png,5,0.92603064
2947,02947.png,9,0.90219247
2948,02948.png,15,0.95635307
2949,02949.png,17,0.87778586
2950,02950.png,2,0.89192051
2951,02951.png,8,0.92610240
2952,02952.png,33,0.91975832
2953,02953.png,33,0.97174025
2954,02954.png,31,0.30989635
2955,02955.png,1,0.91914904
2956,02956.png,11,0.93248469
2957,02957.png,28,0.95166165
2958,02958.png,9,0.94029051
2959,02959.png,4,0.90515041
2960,02960.png,14,0.93427598
2961,02961.png,3,0.91732311
2962,02962.png,22,0.94082075
2963,02963.png,17,0.95234954
2964,02964.png,9,0.91117406
2965,02965.png,3,0.93575788
2966,02966.png,26,0.97878975
2967,02967.png,2,0.90151668
2968,02968.png,16,0.97979057
2969,02969.png,17,0.95697713
2970,02970.png,18,0.92604208
2971,02971.png,12,0.95326054
2972,02972.png,29,0.95333672
2973,02973.png,11,0.92418826
2974,02974.png,18,0.94500381
2975,02975.png,1,0.90068132
2976,02976.png,2,0.90551603
2977,02977.png,38,0.87361604
2978,02978.png,36,0.98776299
2979,02979.png,25,0.92922658
2980,02980.png,41,0.95585167
2981,02981.png,5,0.96680540
2982,02982.png,12,0.91110229
2983,02983.png,7,0.93480510
2984,02984.png,17,0.95081109
2985,02985.png,4,0.92794728
2986,02986.png,25,0.95669585
2987,02987.png,6,0.92034459
2988,02988.png,36,0.95181745
2989,02989.png,26,0.99208891
2990,02990.png,9,0.86933434
2991,02991.png,7,0.95398796
2992,02992.png,14,0.94946641
2993,02993.png,30,0.98188913
2994,02994.png,17,0.95487863
2995,02995.png,19,0.67987406
2996,02996.png,18,0.91832817
2997,02997.png,12,0.90867436
2998,02998.png,41,0.98762530
2999,02999.png,5,0.93508416
3000,03000.png,11,0.90734720
3001,03001.png,36,0.96574110
3002,03002.png,1,0.89546251
3003,03003.png,15,0.88986957
3004,03004.png,11,0.86869025
3005,03005.png,12,0.92853451
3006,03006.png,34,0.97583598
3007,03007.png,33,0.92657840
3008,03008.png,21,0.97252500
3009,03009.png,0,0.95813882
3010,03010.png,9,0.90911937
3011,03011.png,9,0.86340189
3012,03012.png,27,0.98780698
3013,03013.png,3,0.87263435
3014,03014.png,18,0.94020790
3015,03015.png,31,0.96371502
3016,03016.png,2,0.91014934
3017,03017.png,26,0.96880251
3018,03018.png,25,0.87990725
3019,03019.png,38,0.91745758
3020,03020.png,12,0.90097910
3021,03021.png,6,0.96568364
3022,03022.png,28,0.64852643
3023,03023.png,35,0.93495375
3024,03024.png,5,0.92293990
3025,03025.png,30,0.98150897
3026,03026.png,4,0.93103057
3027,03027.png,8,0.95639592
3028,03028.png,12,0.92204678
3029,03029.png,17,0.94571167
3030,03030.png,18,0.92768764
3031,03031.png,1,0.88492924
3032,03032.png,38,0.89889467
3033,03033.png,38,0.89879823
3034,03034.png,9,0.94167703
3035,03035.png,25,0.91723096
3036,03036.png,5,0.90262938
3037,03037.png,1,0.92426157
3038,03038.png,1,0.87215179
3039,03039.png,42,0.87033004
3040,03040.png,13,0.92081237
3041,03041.png,13,0.91514409
3042,03042.png,2,0.90211272
3043,03043.png,30,0.98324770
3044,03044.png,10,0.89612556
3045,03045.png,35,0.93432134
3046,03046.png,28,0.95975256
3047,03047.png,5,0.91949177
3048,03048.png,11,0.93376970
3049,03049.png,30,0.94556254
3050,03050.png,11,0.91979986
3051,03051.png,1,0.88299268
3052,03052.png,25,0.93290812
3053,03053.png,38,0.89636177
3054,03054.png,38,0.91531676
3055,03055.png,31,0.92074978
3056,03056.png,19,0.99422705
3057,03057.png,13,0.86868107
3058,03058.png,21,0.97054392
3059,03059.png,20,0.97275406
3060,03060.png,8,0.93365121
3061,03061.png,38,0.91821820
3062,03062.png,22,0.93967181
3063,03063.png,28,0.98979771
3064,03064.png,12,0.93225867
3065,03065.png,17,0.94900572
3066,03066.png,12,0.90547878
3067,03067.png,35,0.94392484
3068,03068.png,10,0.87674505
3069,03069.png,13,0.89682299
3070,03070.png,12,0.88996983
3071,03071.png,1,0.92334491
3072,03072.png,2,0.83982712
3073,03073.png,10,0.89862359
3074,03074.png,5,0.90066117
3075,03075.png,13,0.92126662
3076,03076.png,34,0.91471201
3077,03077.png,2,0.78963584
3078,03078.png,2,0.87224400
3079,03079.png,17,0.94653010
3080,03080.png,9,0.93041688
3081,03081.png,13,0.93216670
3082,03082.png,34,0.97414196
3083,03083.png,2,0.87978727
3084,03084.png,13,0.89139414
3085,03085.png,10,0.90256852
3086,03086.png,8,0.75423938
3087,03087.png,4,0.93403035
3088,03088.png,38,0.91308641
3089,03089.png,10,0.90415949
3090,03090.png,4,0.92386264
3091,03091.png,1,0.91174400
3092,03092.png,33,0.95388222
3093,03093.png,2,0.90296948
3094,03094.png,14,0.94084269
3095,03095.png,35,0.93510896
3096,03096.png,10,0.91159308
3097,03097.png,13,0.90429181
3098,03098.png,2,0.27961394
3099,03099.png,5,0.92305362
3100,03100.png,35,0.92892724
3101,03101.png,18,0.93341893
3102,03102.png,25,0.92136377
3103,03103.png,40,0.92042905
3104,03104.png,3,0.91530907
3105,03105.png,13,0.87928587
3106,03106.png,31,0.93042445
3107,03107.png,22,0.92868716
3108,03108.png,38,0.92543477
3109,03109.png,39,0.99149162
3110,03110.png,2,0.91738820
3111,03111.png,25,0.93293142
3112,03112.png,29,0.76826042
3113,03113.png,11,0.93889248
3114,03114.png,29,0.43504992
3115,03115.png,12,0.91735774
3116,03116.png,17,0.95741022
3117,03117.png,36,0.97010148
3118,03118.png,1,0.92229176
3119,03119.png,38,0.91704494
3120,03120.png,2,0.82985359
3121,03121.png,8,0.94002098
3122,03122.png,18,0.94368476
3123,03123.png,4,0.92059582
3124,03124.png,10,0.92372882
3125,03125.png,7,0.94276446
3126,03126.png,38,0.90217036
3127,03127.png,14,0.92967004
3128,03128.png,10,0.90831059
3129,03129.png,38,0.93037593
3130,03130.png,9,0.90422583
3131,03131.png,14,0.94782609
3132,03132.png,1,0.92046148
3133,03133.png,25,0.93855393
3134,03134.png,14,0.94594830
3135,03135.png,1,0.87179476
3136,03136.png,1,0.91816771
3137,03137.png,25,0.92657185
3138,03138.png,7,0.90838444
3139,03139.png,10,0.88169038
3140,03140.png,5,0.90078855
3141,03141.png,40,0.93494707
3142,03142.png,28,0.97042793
3143,03143.png,19,0.97385877
3144,03144.png,4,0.92935240
3145,03145.png,9,0.91358614
3146,03146.png,3,0.92822236
3147,03147.png,1,0.70529962
3148,03148.png,35,0.94727647
3149,03149.png,2,0.87860215
3150,03150.png,22,0.98147261
3151,03151.png,2,0.90385550
3152,03152.png,8,0.42670634
3153,03153.png,1,0.89046615
3154,03154.png,14,0.94169945
3155,03155.png,4,0.93096662
3156,03156.png,3,0.90787923
3157,03157.png,11,0.90676677
3158,03158.png,10,0.90103656
3159,03159.png,5,0.93878329
3160,03160.png,29,0.97951460
3161,03161.png,10,0.88990712
3162,03162.png,33,0.90989679
3163,03163.png,38,0.87551904
3164,03164.png,12,0.91447568
3165,03165.png,17,0.95027441
3166,03166.png,16,0.99059403
3167,03167.png,12,0.92689323
3168,03168.png,3,0.88379264
3169,03169.png,4,0.93206131
3170,03170.png,10,0.90550333
3171,03171.png,8,0.92591625
3172,03172.png,18,0.85641348
3173,03173.png,38,0.65831500
3174,03174.png,35,0.91924107
3175,03175.png,1,0.92200845
3176,03176.png,17,0.95215130
3177,03177.png,26,0.94417799
3178,03178.png,34,0.90527856
3179,03179.png,7,0.91673547
3180,03180.png,8,0.93362975
3181,03181.png,10,0.87450117
3182,03182.png,7,0.93496364
3183,03183.png,17,0.95241851
3184,03184.png,3,0.89479834
3185,03185.png,12,0.89526927
3186,03186.png,13,0.87390512
3187,03187.png,31,0.94902718
3188,03188.png,36,0.96152020
3189,03189.png,7,0.93204319
3190,03190.png,8,0.94188851
3191,03191.png,12,0.90597880
3192,03192.png,3,0.92144758
3193,03193.png,5,0.90532249
3194,03194.png,24,0.99345773
3195,03195.png,11,0.90986544
3196,03196.png,28,0.97550368
3197,03197.png,2,0.90847421
3198,03198.png,1,0.91971004
3199,03199.png,5,0.89446044
3200,03200.png,5,0.90681106
3201,03201.png,9,0.39204210
3202,03202.png,1,0.91604781
3203,03203.png,13,0.90719068
3204,03204.png,13,0.93515325
3205,03205.png,13,0.92206144
3206,03206.png,7,0.93737632
3207,03207.png,31,0.95765436
3208,03208.png,1,0.90856862
3209,03209.png,2,0.88233429
3210,03210.png,7,0.91400063
3211,03211.png,1,0.92201602
3212,03212.png,2,0.89034349
3213,03213.png,12,0.92193556
3214,03214.png,2,0.88491094
3215,03215.png,4,0.92506683
3216,03216.png,11,0.90736443
3217,03217.png,24,0.99162275
3218,03218.png,38,0.90770066
3219,03219.png,10,0.91773999
3220,03220.png,24,0.80057496
3221,03221.png,26,0.97673219
3222,03222.png,6,0.94928288
3223,03223.png,4,0.91627628
3224,03224.png,11,0.68900585
3225,03225.png,23,0.87352395
3226,03226.png,4,0.93645495
3227,03227.png,35,0.94032097
3228,03228.png,7,0.93430698
3229,03229.png,15,0.93159729
3230,03230.png,31,0.95763624
3231,03231.png,23,0.91671872
3232,03232.png,11,0.91006857
3233,03233.png,25,0.94053584
3234,03234.png,18,0.94816703
3235,03235.png,27,0.95030862
3236,03236.png,41,0.96851492
3237,03237.png,1,0.88861412
3238,03238.png,23,0.60371357
3239,03239.png,8,0.92875665
3240,03240.png,4,0.93552184
3241,03241.png,15,0.88987237
3242,03242.png,7,0.95853442
3243,03243.png,25,0.94502032
3244,03244.png,12,0.89777964
3245,03245.png,9,0.93794966
3246,03246.png,20,0.97560829
3247,03247.png,1,0.91504955
3248,03248.png,1,0.92239022
3249,03249.png,11,0.94095647
3250,03250.png,27,0.68072641
3251,03251.png,13,0.92561191
3252,03252.png,13,0.93195426
3253,03253.png,15,0.94239175
3254,03254.png,35,0.93974203
3255,03255.png,25,0.94659966
3256,03256.png,11,0.93361717
3257,03257.png,8,0.87164414
3258,03258.png,36,0.97590989
3259,03259.png,2,0.86504233
3260,03260.png,10,0.94598800
3261,03261.png,12,0.91820371
3262,03262.png,2,0.90432924
3263,03263.png,3,0.92212701
3264,03264.png,34,0.87864453
3265,03265.png,16,0.98921680
3266,03266.png,8,0.93501222
3267,03267.png,10,0.89401031
3268,03268.png,12,0.91736412
3269,03269.png,9,0.89531267
3270,03270.png,11,0.90241414
3271,03271.png,11,0.93694663
3272,03272.png,35,0.81911689
3273,03273.png,30,0.95649558
3274,03274.png,40,0.93606287
3275,03275.png,4,0.92442685
3276,03276.png,2,0.91918063
3277,03277.png,1,0.90973163
3278,03278.png,18,0.92409354
3279,03279.png,17,0.94771290
3280,03280.png,35,0.96257079
3281,03281.png,0,0.95790297
3282,03282.png,2,0.90562111
3283,03283.png,12,0.91997993
3284,03284.png,12,0.88592291
3285,03285.png,12,0.87872386
3286,03286.png,14,0.95867932
3287,03287.png,8,0.85377741
3288,03288.png,31,0.94792753
3289,03289.png,1,0.93135631
3290,03290.png,26,0.99196857
3291,03291.png,7,0.92179561
3292,03292.png,10,0.90787089
3293,03293.png,5,0.92506009
3294,03294.png,21,0.98047191
3295,03295.png,13,0.91472375
3296,03296.png,3,0.89896142
3297,03297.png,13,0.90634352
3298,03298.png,18,0.86594409
3299,03299.png,2,0.88226968
3300,03300.png,25,0.92855495
3301,03301.png,10,0.91086078
3302,03302.png,1,0.90199214
3303,03303.png,6,0.84789777
3304,03304.png,1,0.90232569
3305,03305.png,7,0.92374688
3306,03306.png,34,0.87870729
3307,03307.png,14,0.94277400
3308,03308.png,7,0.93123287
3309,03309.png,2,0.92040306
3310,03310.png,25,0.93027604
3311,03311.png,15,0.93253070
3312,03312.png,8,0.93354785
3313,03313.png,33,0.95281404
3314,03314.png,10,0.88532615
3315,03315.png,10,0.91582727
3316,03316.png,3,0.92058015
3317,03317.png,17,0.94481307
3318,03318.png,13,0.94454628
3319,03319.png,11,0.91633898
3320,03320.png,25,0.95146769
3321,03321.png,1,0.90288395
3322,03322.png,15,0.92737854
3323,03323.png,1,0.91103518
3324,03324.png,35,0.93157607
3325,03325.png,14,0.95956397
3326,03326.png,9,0.92913109
3327,03327.png,13,0.91331017
3328,03328.png,9,0.93120539
3329,03329.png,25,0.92147684
3330,03330.png,4,0.90008241
3331,03331.png,1,0.93947572
3332,03332.png,7,0.89394677
3333,03333.png,31,0.93572748
3334,03334.png,3,0.89503634
3335,03335.png,1,0.87684262
3336,03336.png,2,0.89279813
3337,03337.png,19,0.97853160
3338,03338.png,18,0.94678724
3339,03339.png,38,0.90811509
3340,03340.png,0,0.95671988
3341,03341.png,39,0.99375159
3342,03342.png,3,0.90480900
3343,03343.png,15,0.93022621
3344,03344.png,12,0.92533535
3345,03345.png,2,0.92794502
3346,03346.png,3,0.91347599
3347,03347.png,35,0.94078636
3348,03348.png,5,0.94408619
3349,03349.png,11,0.93034959
3350,03350.png,3,0.92429751
3351,03351.png,1,0.86649328
3352,03352.png,9,0.92938381
3353,03353.png,37,0.98792040
3354,03354.png,12,0.90289688
3355,03355.png,7,0.90369213
3356,03356.png,2,0.87739760
3357,03357.png,38,0.82322186
3358,03358.png,22,0.94088292
3359,03359.png,16,0.97363132
3360,03360.png,41,0.97980899
3361,03361.png,31,0.95196122
3362,03362.png,25,0.93520653
3363,03363.png,29,0.95742089
3364,03364.png,10,0.89272714
3365,03365.png,16,0.98175323
3366,03366.png,2,0.91760176
3367,03367.png,29,0.97369951
3368,03368.png,13,0.90447253
3369,03369.png,22,0.93980634
3370,03370.png,12,0.91624755
3371,03371.png,12,0.89077407
3372,03372.png,9,0.93404460
3373,03373.png,19,0.38961288
3374,03374.png,15,0.94755417
3375,03375.png,13,0.91467983
3376,03376.png,3,0.90033561
3377,03377.png,12,0.91192734
3378,03378.png,40,0.86902976
3379,03379.png,25,0.91893172
3380,03380.png,38,0.88022041
3381,03381.png,10,0.90479112
3382,03382.png,1,0.91119045
3383,03383.png,11,0.89174342
3384,03384.png,4,0.95122349
3385,03385.png,36,0.96208811
3386,03386.png,42,0.92651576
3387,03387.png,30,0.95754302
3388,03388.png,22,0.93967098
3389,03389.png,2,0.42858151
3390,03390.png,4,0.90964454
3391,03391.png,31,0.93397129
3392,03392.png,4,0.92710024
3393,03393.png,9,0.90124643
3394,03394.png,28,0.98347485
3395,03395.png,13,0.89345622
3396,03396.png,13,0.93144214
3397,03397.png,16,0.98109621
3398,03398.png,7,0.93816751
3399,03399.png,5,0.91925991
3400,03400.png,3,0.91749978
3401,03401.png,9,0.91683304
3402,03402.png,15,0.94917214
3403,03403.png,14,0.94875175
3404,03404.png,9,0.92337561
3405,03405.png,19,0.99240994
3406,03406.png,5,0.93897057
3407,03407.png,5,0.89531308
3408,03408.png,1,0.88458753
3409,03409.png,13,0.90321124
3410,03410.png,28,0.99098009
3411,03411.png,8,0.93735337
3412,03412.png,14,0.94411445
3413,03413.png,6,0.98367751
3414,03414.png,10,0.90195888
3415,03415.png,1,0.83979565
3416,03416.png,23,0.96670347
3417,03417.png,13,0.89135653
3418,03418.png,36,0.97201049
3419,03419.png,2,0.89793545
3420,03420.png,0,0.95665520
3421,03421.png,28,0.95006967
3422,03422.png,40,0.97045219
3423,03423.png,2,0.88750362
3424,03424.png,12,0.89512974
3425,03425.png,15,0.91010785
3426,03426.png,5,0.93879956
3427,03427.png,4,0.91240352
3428,03428.png,13,0.89603096
3429,03429.png,35,0.94653440
3430,03430.png,12,0.91414970
3431,03431.png,4,0.97151530
3432,03432.png,5,0.91880047
3433,03433.png,11,0.92883193
3434,03434.png,5,0.94227046
3435,03435.png,2,0.91446370
3436,03436.png,9,0.93281639
3437,03437.png,18,0.95815724
3438,03438.png,7,0.93065244
3439,03439.png,8,0.83523685
3440,03440.png,18,0.93933612
3441,03441.png,2,0.89922649
3442,03442.png,3,0.93095458
3443,03443.png,12,0.91971993
3444,03444.png,8,0.94885021
3445,03445.png,1,0.86058778
3446,03446.png,4,0.90596169
3447,03447.png,4,0.92172557
3448,03448.png,15,0.93780601
3449,03449.png,14,0.94545954
3450,03450.png,8,0.93373185
3451,03451.png,2,0.90621126
3452,03452.png,1,0.89064854
3453,03453.png,8,0.95810193
3454,03454.png,40,0.91332579
3455,03455.png,5,0.93105972
3456,03456.png,35,0.93173337
3457,03457.png,23,0.95512319
3458,03458.png,5,0.92618257
3459,03459.png,35,0.92655331
3460,03460.png,12,0.90284836
3461,03461.png,1,0.91371262
3462,03462.png,35,0.93766910
3463,03463.png,12,0.91694200
3464,03464.png,10,0.89473253
3465,03465.png,38,0.91278267
3466,03466.png,11,0.94388276
3467,03467.png,38,0.90650970
3468,03468.png,1,0.90827334
3469,03469.png,36,0.97139156
3470,03470.png,8,0.93950975
3471,03471.png,11,0.91391975
3472,03472.png,16,0.96786499
3473,03473.png,42,0.97575092
3474,03474.png,0,0.96443903
3475,03475.png,1,0.92694569
3476,03476.png,16,0.97759581
3477,03477.png,12,0.89631200
3478,03478.png,11,0.93247062
3479,03479.png,15,0.89257723
3480,03480.png,25,0.91669267
3481,03481.png,20,0.97636002
3482,03482.png,17,0.92162657
3483,03483.png,1,0.89213765
3484,03484.png,4,0.90493977
3485,03485.png,18,0.95748198
3486,03486.png,15,0.91135526
3487,03487.png,25,0.93998611
3488,03488.png,35,0.95941770
3489,03489.png,12,0.90733433
3490,03490.png,11,0.30130589
3491,03491.png,2,0.91415012
3492,03492.png,18,0.95112664
3493,03493.png,24,0.98814559
3494,03494.png,25,0.92156041
3495,03495.png,18,0.95176834
3496,03496.png,7,0.92326421
3497,03497.png,9,0.94147593
3498,03498.png,5,0.90464681
3499,03499.png,8,0.94238836
3500,03500.png,2,0.88389170
3501,03501.png,32,0.98141712
3502,03502.png,8,0.93521708
3503,03503.png,10,0.87329924
3504,03504.png,12,0.91889662
3505,03505.png,13,0.91310740
3506,03506.png,16,0.98358375
3507,03507.png,12,0.93289626
3508,03508.png,14,0.94594085
3509,03509.png,38,0.91758794
3510,03510.png,4,0.95056063
3511,03511.png,38,0.89273012
3512,03512.png,18,0.95669663
3513,03513.png,38,0.90958792
3514,03514.png,12,0.90040678
3515,03515.png,7,0.91098040
3516,03516.png,9,0.94774288
3517,03517.png,38,0.89968449
3518,03518.png,2,0.90822256
3519,03519.png,2,0.87638330
3520,03520.png,2,0.92300338
3521,03521.png,24,0.98703718
3522,03522.png,1,0.92779601
3523,03523.png,6,0.96003819
3524,03524.png,1,0.90783411
3525,03525.png,5,0.95256472
3526,03526.png,10,0.90130579
3527,03527.png,9,0.93967527
3528,03528.png,38,0.92035854
3529,03529.png,18,0.93339825
3530,03530.png,4,0.89884263
3531,03531.png,4,0.93882388
3532,03532.png,17,0.95219743
3533,03533.png,12,0.94093680
3534,03534.png,1,0.90344101
3535,03535.png,35,0.93505371
3536,03536.png,13,0.93295085
3537,03537.png,9,0.91738099
3538,03538.png,10,0.88331300
3539,03539.png,17,0.94427419
3540,03540.png,10,0.93524343
3541,03541.png,5,0.92356676
3542,03542.png,11,0.90810645
3543,03543.png,8,0.94808966
3544,03544.png,2,0.89726973
3545,03545.png,13,0.90193230
3546,03546.png,14,0.92756844
3547,03547.png,11,0.87926543
3548,03548.png,38,0.91049659
3549,03549.png,10,0.90255547
3550,03550.png,14,0.90539914
3551,03551.png,18,0.95813173
3552,03552.png,19,0.98522919
3553,03553.png,32,0.97716516
3554,03554.png,8,0.94465011
3555,03555.png,5,0.92968166
3556,03556.png,2,0.90052682
3557,03557.png,12,0.92632741
3558,03558.png,22,0.95321018
3559,03559.png,2,0.93202770
3560,03560.png,17,0.69197482
3561,03561.png,6,0.87717187
3562,03562.png,7,0.83777905
3563,03563.png,35,0.93990308
3564,03564.png,27,0.86286467
3565,03565.png,9,0.93421531
3566,03566.png,5,0.92204756
3567,03567.png,11,0.78999007
3568,03568.png,13,0.89322013
3569,03569.png,13,0.91938555
3570,03570.png,13,0.92188007
3571,03571.png,11,0.86703330
3572,03572.png,38,0.89460164
3573,03573.png,10,0.90542680
3574,03574.png,12,0.93438888
3575,03575.png,8,0.92764938
3576,03576.png,8,0.93149924
3577,03577.png,8,0.86066610
3578,03578.png,4,0.91495973
3579,03579.png,38,0.89756584
3580,03580.png,24,0.92196274
3581,03581.png,35,0.94469011
3582,03582.png,38,0.92037278
3583,03583.png,17,0.94416112
3584,03584.png,38,0.91036469
3585,03585.png,10,0.93229544
3586,03586.png,18,0.94867766
3587,03587.png,11,0.92309445
3588,03588.png,25,0.92382175
3589,03589.png,3,0.92136800
3590,03590.png,17,0.94162464
3591,03591.png,7,0.92906380
3592,03592.png,35,0.96383536
3593,03593.png,41,0.96480912
3594,03594.png,14,0.90563977
3595,03595.png,3,0.91421747
3596,03596.png,38,0.83922732
3597,03597.png,12,0.94925088
3598,03598.png,20,0.98740035
3599,03599.png,38,0.91284758
3600,03600.png,6,0.92630309
3601,03601.png,14,0.93175316
3602,03602.png,2,0.89248514
3603,03603.png,4,0.92292416
3604,03604.png,2,0.90239161
3605,03605.png,37,0.98613107
3606,03606.png,12,0.92015743
3607,03607.png,8,0.93577272
3608,03608.png,9,0.91172057
3609,03609.png,38,0.90115273
3610,03610.png,12,0.93375027
3611,03611.png,4,0.91665304
3612,03612.png,38,0.88722271
3613,03613.png,9,0.83440602
3614,03614.png,35,0.93114871
3615,03615.png,4,0.93416578
3616,03616.png,37,0.97532940
3617,03617.png,21,0.98579246
3618,03618.png,10,0.91958249
3619,03619.png,2,0.87031955
3620,03620.png,16,0.96663886
3621,03621.png,23,0.98600084
3622,03622.png,3,0.91052800
3623,03623.png,2,0.88451689
3624,03624.png,11,0.92653757
3625,03625.png,25,0.94605356
3626,03626.png,11,0.94964409
3627,03627.png,1,0.92166686
3628,03628.png,5,0.93502599
3629,03629.png,1,0.93129635
3630,03630.png,35,0.66747719
3631,03631.png,10,0.90620565
3632,03632.png,2,0.87175673
3633,03633.png,5,0.79185510
3634,03634.png,1,0.93292689
3635,03635.png,12,0.94937164
3636,03636.png,7,0.93852586
3637,03637.png,7,0.91451734
3638,03638.png,1,0.90638119
3639,03639.png,38,0.88496572
3640,03640.png,17,0.94636142
3641,03641.png,10,0.90955919
3642,03642.png,10,0.90264428
3643,03643.png,18,0.96513599
3644,03644.png,17,0.72883856
3645,03645.png,1,0.90296054
3646,03646.png,1,0.91349322
3647,03647.png,14,0.94031656
3648,03648.png,12,0.92507410
3649,03649.png,7,0.89894032
3650,03650.png,4,0.91422403
3651,03651.png,14,0.93858647
3652,03652.png,17,0.94722813
3653,03653.png,38,0.91851807
3654,03654.png,3,0.89772904
3655,03655.png,3,0.93731350
3656,03656.png,25,0.91372472
3657,03657.png,25,0.94763070
3658,03658.png,10,0.89739454
3659,03659.png,13,0.92426890
3660,03660.png,8,0.70861274
3661,03661.png,2,0.90815049
3662,03662.png,18,0.93294060
3663,03663.png,31,0.94968259
3664,03664.png,14,0.95132035
3665,03665.png,26,0.94836491
3666,03666.png,31,0.91246158
3667,03667.png,14,0.94664484
3668,03668.png,14,0.94696403
3669,03669.png,9,0.91433930
3670,03670.png,35,0.93853658
3671,03671.png,3,0.89073074
3672,03672.png,33,0.90620536
3673,03673.png,1,0.88098675
3674,03674.png,14,0.95165128
3675,03675.png,25,0.93497378
3676,03676.png,2,0.90555823
3677,03677.png,0,0.96288025
3678,03678.png,10,0.89561963
3679,03679.png,17,0.94311172
3680,03680.png,2,0.90813291
3681,03681.png,25,0.92787540
3682,03682.png,13,0.92145443
3683,03683.png,4,0.92105246
3684,03684.png,39,0.99326479
3685,03685.png,5,0.93411994
3686,03686.png,31,0.95608246
3687,03687.png,10,0.90218782
3688,03688.png,4,0.91192514
3689,03689.png,4,0.91469836
3690,03690.png,24,0.99030733
3691,03691.png,1,0.93754405
3692,03692.png,12,0.92263788
3693,03693.png,8,0.94868052
3694,03694.png,2,0.72511864
3695,03695.png,41,0.97494566
3696,03696.png,4,0.93199611
3697,03697.png,12,0.93616194
3698,03698.png,12,0.91933167
3699,03699.png,10,0.90807706
3700,03700.png,35,0.73557431
3701,03701.png,21,0.98040879
3702,03702.png,22,0.94723028
3703,03703.png,2,0.91642922
3704,03704.png,40,0.27622283
3705,03705.png,6,0.96474034
3706,03706.png,35,0.92644733
3707,03707.png,3,0.92894185
3708,03708.png,14,0.95468867
3709,03709.png,2,0.91973394
3710,03710.png,17,0.92409414
3711,03711.png,2,0.89695776
3712,03712.png,17,0.93664306
3713,03713.png,11,0.71748894
3714,03714.png,19,0.98941982
3715,03715.png,33,0.92916423
3716,03716.png,2,0.88822150
3717,03717.png,4,0.92121333
3718,03718.png,33,0.94934362
3719,03719.png,28,0.92973745
3720,03720.png,41,0.98331958
3721,03721.png,6,0.96768981
3722,03722.png,28,0.97047281
3723,03723.png,38,0.81820351
3724,03724.png,38,0.58953035
3725,03725.png,11,0.94794530
3726,03726.png,7,0.92893744
3727,03727.png,26,0.93794787
3728,03728.png,18,0.92809677
3729,03729.png,10,0.90823418
3730,03730.png,25,0.91380495
3731,03731.png,13,0.92988181
3732,03732.png,3,0.87234443
3733,03733.png,11,0.92523307
3734,03734.png,38,0.93509394
3735,03735.png,35,0.92861682
3736,03736.png,17,0.94200009
3737,03737.png,22,0.97762167
3738,03738.png,31,0.92279857
3739,03739.png,31,0.97392750
3740,03740.png,11,0.94259506
3741,03741.png,25,0.93956667
3742,03742.png,25,0.91502571
3743,03743.png,31,0.92746055
3744,03744.png,12,0.69973117
3745,03745.png,30,0.98659456
3746,03746.png,28,0.94233841
3747,03747.png,12,0.93514937
3748,03748.png,12,0.94755495
3749,03749.png,31,0.92481905
3750,03750.png,35,0.96118307
3751,03751.png,34,0.93244004
3752,03752.png,31,0.44988376
3753,03753.png,29,0.97150820
3754,03754.png,10,0.92381889
3755,03755.png,9,0.94774085
3756,03756.png,13,0.91623092
3757,03757.png,31,0.95347583
3758,03758.png,10,0.89969236
3759,03759.png,1,0.93374282
3760,03760.png,10,0.89306378
3761,03761.png,6,0.93350089
3762,03762.png,11,0.92528784
3763,03763.png,13,0.91407740
3764,03764.png,38,0.91186100
3765,03765.png,4,0.93113852
3766,03766.png,13,0.91677994
3767,03767.png,13,0.94540226
3768,03768.png,7,0.91352481
3769,03769.png,1,0.90086150
3770,03770.png,18,0.94355685
3771,03771.png,7,0.94977087
3772,03772.png,1,0.91550273
3773,03773.png,2,0.90686321
3774,03774.png,31,0.93508333
3775,03775.png,11,0.93808246
3776,03776.png,0,0.90620124
3777,03777.png,11,0.78154320
3778,03778.png,25,0.82389015
3779,03779.png,0,0.90640569
3780,03780.png,25,0.91252017
3781,03781.png,18,0.94620055
3782,03782.png,30,0.98715752
3783,03783.png,23,0.86078429
3784,03784.png,1,0.87193316
3785,03785.png,1,0.91648346
3786,03786.png,25,0.93231833
3787,03787.png,13,0.86902356
3788,03788.png,10,0.88692111
3789,03789.png,37,0.99027646
3790,03790.png,15,0.91921490
3791,03791.png,5,0.92957354
3792,03792.png,11,0.94610417
3793,03793.png,12,0.66839069
3794,03794.png,9,0.91018844
3795,03795.png,11,0.91075629
3796,03796.png,2,0.86450362
3797,03797.png,2,0.86520934
3798,03798.png,13,0.91565073
3799,03799.png,31,0.47644290
3800,03800.png,25,0.92746991
3801,03801.png,9,0.58201540
3802,03802.png,5,0.91869372
3803,03803.png,13,0.92020971
3804,03804.png,20,0.86158955
3805,03805.png,3,0.93258351
3806,03806.png,11,0.91445035
3807,03807.png,10,0.90884572
3808,03808.png,10,0.90339363
3809,03809.png,14,0.95349234
3810,03810.png,1,0.89938933
3811,03811.png,25,0.93802685
3812,03812.png,3,0.92035085
3813,03813.png,10,0.90445065
3814,03814.png,13,0.89738166
3815,03815.png,33,0.38661629
3816,03816.png,18,0.94807732
3817,03817.png,18,0.93986678
3818,03818.png,10,0.88284427
3819,03819.png,4,0.87363499
3820,03820.png,26,0.96313274
3821,03821.png,28,0.98222601
3822,03822.png,15,0.93714261
3823,03823.png,17,0.93727398
3824,03824.png,17,0.96038914
3825,03825.png,14,0.94225788
3826,03826.png,35,0.94406039
3827,03827.png,12,0.91763681
3828,03828.png,7,0.84490651
3829,03829.png,38,0.92250204
3830,03830.png,1,0.92704523
3831,03831.png,1,0.95618916
3832,03832.png,41,0.97934794
3833,03833.png,7,0.89555460
3834,03834.png,5,0.64812452
3835,03835.png,19,0.73571360
3836,03836.png,1,0.91581410
3837,03837.png,6,0.96391267
3838,03838.png,2,0.89782953
3839,03839.png,2,0.89321810
3840,03840.png,30,0.72376561
3841,03841.png,11,0.93479604
3842,03842.png,12,0.89341563
3843,03843.png,1,0.80679208
3844,03844.png,13,0.90774113
3845,03845.png,35,0.93461895
3846,03846.png,15,0.89493728
3847,03847.png,25,0.94422197
3848,03848.png,10,0.92495978
3849,03849.png,38,0.89009172
3850,03850.png,5,0.95284659
3851,03851.png,28,0.98604834
3852,03852.png,9,0.94283694
3853,03853.png,34,0.97359008
3854,03854.png,1,0.89949507
3855,03855.png,38,0.91513652
3856,03856.png,9,0.94833875
3857,03857.png,5,0.79715645
3858,03858.png,4,0.83882684
3859,03859.png,16,0.98005831
3860,03860.png,25,0.93623555
3861,03861.png,23,0.97231489
3862,03862.png,10,0.90686929
3863,03863.png,0,0.91651511
3864,03864.png,39,0.98702544
3865,03865.png,12,0.92819083
3866,03866.png,10,0.89805740
3867,03867.png,41,0.97581857
3868,03868.png,25,0.92713070
3869,03869.png,33,0.91860271
3870,03870.png,15,0.90924078
3871,03871.png,33,0.96225148
3872,03872.png,25,0.93669283
3873,03873.png,27,0.98617065
3874,03874.png,7,0.93370712
3875,03875.png,13,0.91186446
3876,03876.png,11,0.90750033
3877,03877.png,1,0.90631855
3878,03878.png,1,0.89832729
3879,03879.png,7,0.93984097
3880,03880.png,28,0.98600775
3881,03881.png,17,0.94855118
3882,03882.png,12,0.89790082
3883,03883.png,7,0.91828424
3884,03884.png,12,0.91241860
3885,03885.png,31,0.92205000
3886,03886.png,5,0.90727329
3887,03887.png,38,0.90907383
3888,03888.png,13,0.90688026
3889,03889.png,24,0.98894602
3890,03890.png,13,0.91051537
3891,03891.png,14,0.92186296
3892,03892.png,10,0.89419824
3893,03893.png,1,0.89013433
3894,03894.png,25,0.88022411
3895,03895.png,5,0.92448348
3896,03896.png,22,0.76849693
3897,03897.png,1,0.93487996
3898,03898.png,15,0.94952404
3899,03899.png,8,0.92455077
3900,03900.png,1,0.90953404
3901,03901.png,25,0.94329494
3902,03902.png,13,0.91744047
3903,03903.png,12,0.40461525
3904,03904.png,28,0.83540982
3905,03905.png,41,0.97751427
3906,03906.png,38,0.88233793
3907,03907.png,17,0.91527003
3908,03908.png,7,0.95158488
3909,03909.png,33,0.93613368
3910,03910.png,38,0.93046653
3911,03911.png,3,0.93668753
3912,03912.png,28,0.98238039
3913,03913.png,35,0.94302434
3914,03914.png,4,0.90833628
3915,03915.png,4,0.93519306
3916,03916.png,2,0.90805948
3917,03917.png,31,0.94799095
3918,03918.png,16,0.98995286
3919,03919.png,12,0.92889005
3920,03920.png,12,0.91681939
3921,03921.png,12,0.93241864
3922,03922.png,0,0.93643039
3923,03923.png,2,0.87495524
3924,03924.png,9,0.91616827
3925,03925.png,4,0.92692417
3926,03926.png,20,0.87143886
3927,03927.png,31,0.92459816
3928,03928.png,7,0.93062109
3929,03929.png,4,0.93284231
3930,03930.png,8,0.89526212
3931,03931.png,9,0.89513004
3932,03932.png,35,0.94418842
3933,03933.png,13,0.76976603
3934,03934.png,9,0.90633649
3935,03935.png,38,0.87104470
3936,03936.png,12,0.90670627
3937,03937.png,7,0.92871338
3938,03938.png,32,0.96811777
3939,03939.png,9,0.96129501
3940,03940.png,11,0.91416085
3941,03941.png,7,0.93257570
3942,03942.png,5,0.90319920
3943,03943.png,13,0.90889055
3944,03944.png,7,0.92595184
3945,03945.png,12,0.93799609
3946,03946.png,11,0.93405700
3947,03947.png,1,0.91815406
3948,03948.png,25,0.93453515
3949,03949.png,12,0.93709642
3950,03950.png,4,0.93221694
3951,03951.png,17,0.94708985
3952,03952.png,6,0.96731693
3953,03953.png,38,0.89964044
3954,03954.png,38,0.90991366
3955,03955.png,12,0.90756845
3956,03956.png,31,0.92964727
3957,03957.png,6,0.92414331
3958,03958.png,22,0.94284689
3959,03959.png,4,0.92225903
3960,03960.png,31,0.85599065
3961,03961.png,15,0.93415713
3962,03962.png,1,0.93276143
3963,03963.png,8,0.93649685
3964,03964.png,40,0.95469421
3965,03965.png,26,0.97815406
3966,03966.png,9,0.92639112
3967,03967.png,3,0.92001402
3968,03968.png,40,0.95087880
3969,03969.png,13,0.91920805
3970,03970.png,8,0.94295245
3971,03971.png,34,0.95552266
3972,03972.png,17,0.94445038
3973,03973.png,36,0.98193467
3974,03974.png,12,0.94892305
3975,03975.png,40,0.92905444
3976,03976.png,38,0.91655695
3977,03977.png,4,0.93813384
3978,03978.png,31,0.95318776
3979,03979.png,35,0.92657667
3980,03980.png,31,0.93431199
3981,03981.png,18,0.88400704
3982,03982.png,13,0.92972094
3983,03983.png,25,0.94101644
3984,03984.png,1,0.85858387
3985,03985.png,1,0.84628361
3986,03986.png,17,0.96618050
3987,03987.png,31,0.94308072
3988,03988.png,16,0.96400738
3989,03989.png,10,0.91617948
3990,03990.png,12,0.91456175
3991,03991.png,42,0.95463043
3992,03992.png,9,0.90229183
3993,03993.png,39,0.99212950
3994,03994.png,33,0.46683678
3995,03995.png,13,0.91458166
3996,03996.png,10,0.90069282
3997,03997.png,13,0.91603643
3998,03998.png,4,0.93168575
3999,03999.png,4,0.92189860
4000,04000.png,25,0.93885934
4001,04001.png,34,0.96188480
4002,04002.png,12,0.94139826
4003,04003.png,2,0.91799623
4004,04004.png,8,0.90532416
4005,04005.png,29,0.96897721
4006,04006.png,31,0.93390977
4007,04007.png,4,0.91515106
4008,04008.png,1,0.92353255
4009,04009.png,8,0.93197811
4010,04010.png,4,0.92404276
4011,04011.png,31,0.38060683
4012,04012.png,0,0.92559159
4013,04013.png,15,0.92776644
4014,04014.png,13,0.91309595
4015,04015.png,25,0.95338124
4016,04016.png,2,0.89668345
4017,04017.png,4,0.91992730
4018,04018.png,2,0.88041186
4019,04019.png,12,0.91145283
4020,04020.png,28,0.97390014
4021,04021.png,11,0.93189061
4022,04022.png,35,0.94824696
4023,04023.png,4,0.92553687
4024,04024.png,10,0.90886635
4025,04025.png,38,0.88711143
4026,04026.png,31,0.94782245
4027,04027.png,12,0.90179968
4028,04028.png,7,0.91398937
4029,04029.png,16,0.98653656
4030,04030.png,6,0.93115842
4031,04031.png,1,0.91439694
4032,04032.png,21,0.98519325
4033,04033.png,5,0.92012525
4034,04034.png,13,0.90692949
4035,04035.png,2,0.88784152
4036,04036.png,40,0.47789556
4037,04037.png,2,0.91504967
4038,04038.png,24,0.98999465
4039,04039.png,5,0.90389788
4040,04040.png,34,0.97298199
4041,04041.png,9,0.91613525
4042,04042.png,17,0.95147187
4043,04043.png,26,0.95043600
4044,04044.png,25,0.94390339
4045,04045.png,24,0.99112517
4046,04046.png,12,0.91161072
4047,04047.png,17,0.93667454
4048,04048.png,27,0.92743647
4049,04049.png,35,0.94875067
4050,04050.png,29,0.98020726
4051,04051.png,8,0.94842762
4052,04052.png,31,0.93623632
4053,04053.png,5,0.91045475
4054,04054.png,15,0.92211515
4055,04055.png,22,0.51615399
4056,04056.png,10,0.90047091
4057,04057.png,28,0.91089809
4058,04058.png,25,0.90409964
4059,04059.png,12,0.90824115
4060,04060.png,8,0.96479666
4061,04061.png,9,0.93515253
4062,04062.png,11,0.93693608
4063,04063.png,1,0.90516287
4064,04064.png,17,0.94845206
4065,04065.png,29,0.95275092
4066,04066.png,38,0.90829849
4067,04067.png,2,0.87704003
4068,04068.png,36,0.98161119
4069,04069.png,30,0.98021966
4070,04070.png,30,0.97236854
4071,04071.png,1,0.91692853
4072,04072.png,8,0.74766898
4073,04073.png,13,0.92706031
4074,04074.png,38,0.91316265
4075,04075.png,1,0.39448655
4076,04076.png,5,0.91355497
4077,04077.png,29,0.96080720
4078,04078.png,11,0.94165242
4079,04079.png,18,0.97166324
4080,04080.png,11,0.94683772
4081,04081.png,10,0.89254081
4082,04082.png,4,0.91633320
4083,04083.png,15,0.93555152
4084,04084.png,12,0.91763109
4085,04085.png,7,0.91364473
4086,04086.png,21,0.98202914
4087,04087.png,38,0.91457069
4088,04088.png,28,0.85180432
4089,04089.png,13,0.91723716
4090,04090.png,7,0.93676597
4091,04091.png,12,0.90760243
4092,04092.png,10,0.91536301
4093,04093.png,1,0.86523759
4094,04094.png,35,0.92856461
4095,04095.png,1,0.92420959
4096,04096.png,8,0.92838937
4097,04097.png,38,0.90788049
4098,04098.png,25,0.94366020
4099,04099.png,13,0.89990360
4100,04100.png,15,0.89228493
4101,04101.png,12,0.90907323
4102,04102.png,8,0.90840071
4103,04103.png,17,0.94984615
4104,04104.png,38,0.88819122
4105,04105.png,41,0.93619442
4106,04106.png,31,0.92588133
4107,04107.png,10,0.91052091
4108,04108.png,25,0.92860562
4109,04109.png,1,0.91724581
4110,04110.png,14,0.94557363
4111,04111.png,17,0.94881392
4112,04112.png,23,0.89730871
4113,04113.png,10,0.90191394
4114,04114.png,26,0.97747129
4115,04115.png,31,0.94244462
4116,04116.png,5,0.86999965
4117,04117.png,36,0.98189318
4118,04118.png,14,0.95886475
4119,04119.png,4,0.91396344
4120,04120.png,4,0.90997005
4121,04121.png,7,0.92674482
4122,04122.png,20,0.82136673
4123,04123.png,34,0.89593595
4124,04124.png,1,0.87336320
4125,04125.png,21,0.97591931
4126,04126.png,14,0.93265587
4127,04127.png,4,0.93386751
4128,04128.png,13,0.91663718
4129,04129.png,6,0.88974696
4130,04130.png,39,0.94715095
4131,04131.png,11,0.92587256
4132,04132.png,33,0.93935895
4133,04133.png,30,0.96901065
4134,04134.png,2,0.88283062
4135,04135.png,3,0.90911245
4136,04136.png,33,0.92948842
4137,04137.png,1,0.93413115
4138,04138.png,40,0.96418679
4139,04139.png,1,0.90798968
4140,04140.png,13,0.91536212
4141,04141.png,23,0.95891392
4142,04142.png,18,0.91936874
4143,04143.png,10,0.92104369
4144,04144.png,35,0.94248813
4145,04145.png,1,0.92976105
4146,04146.png,15,0.93330109
4147,04147.png,21,0.96844125
4148,04148.png,14,0.93396389
4149,04149.png,3,0.91407871
4150,04150.png,35,0.94745958
4151,04151.png,12,0.90906507
4152,04152.png,9,0.92869502
4153,04153.png,33,0.92309946
4154,04154.png,17,0.94059342
4155,04155.png,12,0.93169206
4156,04156.png,25,0.93947238
4157,04157.png,18,0.91918063
4158,04158.png,4,0.91538066
4159,04159.png,31,0.95816720
4160,04160.png,11,0.92698604
4161,04161.png,5,0.91409165
4162,04162.png,29,0.96395797
4163,04163.png,11,0.92521256
4164,04164.png,5,0.93588114
4165,04165.png,14,0.93921107
4166,04166.png,15,0.91505468
4167,04167.png,5,0.92184317
4168,04168.png,38,0.89417833
4169,04169.png,14,0.92899424
4170,04170.png,4,0.90428936
4171,04171.png,10,0.90703607
4172,04172.png,12,0.93116373
4173,04173.png,2,0.87048095
4174,04174.png,13,0.93037415
4175,04175.png,17,0.82177043
4176,04176.png,10,0.88528574
4177,04177.png,4,0.91901869
4178,04178.png,5,0.92889404
4179,04179.png,4,0.90238315
4180,04180.png,0,0.91048187
4181,04181.png,8,0.94596761
4182,04182.png,31,0.93489861
4183,04183.png,4,0.92891109
4184,04184.png,41,0.98245025
4185,04185.png,21,0.98202765
4186,04186.png,20,0.97841197
4187,04187.png,25,0.90134174
4188,04188.png,14,0.94243085
4189,04189.png,1,0.90368062
4190,04190.png,11,0.91701156
4191,04191.png,21,0.97049540
4192,04192.png,11,0.92817354
4193,04193.png,18,0.94634002
4194,04194.png,10,0.90075541
4195,04195.png,5,0.89366233
4196,04196.png,12,0.91655487
4197,04197.png,13,0.88266665
4198,04198.png,31,0.94845837
4199,04199.png,12,0.94764119
4200,04200.png,2,0.90905631
4201,04201.png,12,0.90281337
4202,04202.png,13,0.89822656
4203,04203.png,16,0.98675215
4204,04204.png,3,0.89767879
4205,04205.png,2,0.88954389
4206,04206.png,10,0.89887577
4207,04207.png,5,0.93523967
4208,04208.png,31,0.94660592
4209,04209.png,12,0.88403267
4210,04210.png,14,0.94882625
4211,04211.png,17,0.91692883
4212,04212.png,17,0.94649506
4213,04213.png,13,0.92177796
4214,04214.png,17,0.94923007
4215,04215.png,16,0.97650778
4216,04216.png,31,0.95092946
4217,04217.png,11,0.88591921
4218,04218.png,26,0.97356254
4219,04219.png,12,0.21975993
4220,04220.png,13,0.91420043
4221,04221.png,7,0.93851233
4222,04222.png,13,0.91026241
4223,04223.png,2,0.88857603
4224,04224.png,18,0.93756574
4225,04225.png,8,0.89533418
4226,04226.png,7,0.93820381
4227,04227.png,1,0.92997110
4228,04228.png,9,0.91224855
4229,04229.png,38,0.91065228
4230,04230.png,9,0.92700088
4231,04231.png,13,0.88822234
4232,04232.png,13,0.90218449
4233,04233.png,1,0.92732847
4234,04234.png,1,0.92101312
4235,04235.png,8,0.91468775
4236,04236.png,2,0.63945109
4237,04237.png,8,0.92674303
4238,04238.png,13,0.90581059
4239,04239.png,38,0.90701187
4240,04240.png,7,0.90636200
4241,04241.png,18,0.94195408
4242,04242.png,2,0.90443438
4243,04243.png,14,0.94334143
4244,04244.png,38,0.92320955
4245,04245.png,7,0.69895244
4246,04246.png,38,0.91978294
4247,04247.png,12,0.88742870
4248,04248.png,25,0.94835418
4249,04249.png,5,0.92874473
4250,04250.png,25,0.91412020
4251,04251.png,11,0.94067115
4252,04252.png,18,0.94146538
4253,04253.png,5,0.94649410
4254,04254.png,14,0.96054375
4255,04255.png,12,0.90754193
4256,04256.png,13,0.92931062
4257,04257.png,5,0.72507232
4258,04258.png,13,0.91947353
4259,04259.png,9,0.92936146
4260,04260.png,11,0.90394658
4261,04261.png,25,0.90390480
4262,04262.png,7,0.92374927
4263,04263.png,12,0.91811597
4264,04264.png,35,0.93546665
4265,04265.png,15,0.94638991
4266,04266.png,1,0.91418540
4267,04267.png,3,0.95375204
4268,04268.png,31,0.93114138
4269,04269.png,17,0.83159095
4270,04270.png,13,0.88604200
4271,04271.png,6,0.45014158
4272,04272.png,8,0.92153066
4273,04273.png,25,0.93442571
4274,04274.png,4,0.92045951
4275,04275.png,38,0.90889370
4276,04276.png,18,0.94442481
4277,04277.png,10,0.90391159
4278,04278.png,36,0.97530341
4279,04279.png,17,0.84118855
4280,04280.png,13,0.92586690
4281,04281.png,8,0.89004970
4282,04282.png,12,0.94856852
4283,04283.png,4,0.98335487
4284,04284.png,1,0.88185912
4285,04285.png,2,0.79698938
4286,04286.png,5,0.90820962
4287,04287.png,17,0.95759851
4288,04288.png,9,0.93032885
4289,04289.png,25,0.90248191
4290,04290.png,29,0.96498215
4291,04291.png,35,0.92581993
4292,04292.png,29,0.94587332
4293,04293.png,35,0.92308229
4294,04294.png,15,0.94914126
4295,04295.png,2,0.90205675
4296,04296.png,35,0.94273990
4297,04297.png,11,0.92406350
4298,04298.png,28,0.99114823
4299,04299.png,26,0.96550602
4300,04300.png,23,0.92099750
4301,04301.png,3,0.89108509
4302,04302.png,35,0.93760210
4303,04303.png,25,0.92568851
4304,04304.png,38,0.91095400
4305,04305.png,1,0.91355735
4306,04306.png,18,0.16271038
4307,04307.png,9,0.94446194
4308,04308.png,11,0.91940379
4309,04309.png,7,0.93794191
4310,04310.png,9,0.91662008
4311,04311.png,38,0.92077416
4312,04312.png,20,0.93377751
4313,04313.png,39,0.98927933
4314,04314.png,26,0.95944941
4315,04315.png,13,0.93384653
4316,04316.png,42,0.97114211
4317,04317.png,11,0.88966817
4318,04318.png,12,0.90263796
4319,04319.png,38,0.90628868
4320,04320.png,7,0.91833395
4321,04321.png,3,0.90391326
4322,04322.png,10,0.90325296
4323,04323.png,8,0.94578701
4324,04324.png,35,0.94865918
4325,04325.png,4,0.90947706
4326,04326.png,5,0.91152722
4327,04327.png,5,0.94980860
4328,04328.png,9,0.89606804
4329,04329.png,35,0.94066131
4330,04330.png,31,0.94179147
4331,04331.png,24,0.98979133
4332,04332.png,0,0.91217417
4333,04333.png,0,0.83435577
4334,04334.png,8,0.91745132
4335,04335.png,41,0.97127390
4336,04336.png,1,0.90477568
4337,04337.png,1,0.90447134
4338,04338.png,4,0.93043143
4339,04339.png,7,0.93329513
4340,04340.png,25,0.93221259
4341,04341.png,12,0.72083467
4342,04342.png,33,0.93891907
4343,04343.png,14,0.95584279
4344,04344.png,2,0.88314384
4345,04345.png,15,0.92290658
4346,04346.png,9,0.93201381
4347,04347.png,12,0.90506065
4348,04348.png,1,0.89644581
4349,04349.png,11,0.93846864
4350,04350.png,33,0.94789970
4351,04351.png,4,0.91943693
4352,04352.png,1,0.90244752
4353,04353.png,18,0.95442617
4354,04354.png,13,0.91284925
4355,04355.png,12,0.91312993
4356,04356.png,13,0.90135133
4357,04357.png,2,0.86925727
4358,04358.png,13,0.88126999
4359,04359.png,10,0.89872187
4360,04360.png,36,0.97744298
4361,04361.png,10,0.90427214
4362,04362.png,38,0.89549536
4363,04363.png,3,0.88251203
4364,04364.png,11,0.89860809
4365,04365.png,38,0.89685750
4366,04366.png,15,0.93885148
4367,04367.png,30,0.96512860
4368,04368.png,18,0.93768793
4369,04369.png,35,0.93790728
4370,04370.png,5,0.91956079
4371,04371.png,9,0.94901550
4372,04372.png,18,0.95261317
4373,04373.png,8,0.91694289
4374,04374.png,12,0.91827375
4375,04375.png,15,0.92950553
4376,04376.png,5,0.91188759
4377,04377.png,1,0.58365709
4378,04378.png,35,0.88068914
4379,04379.png,4,0.90776920
4380,04380.png,25,0.93013483
4381,04381.png,5,0.89905310
4382,04382.png,2,0.91370660
4383,04383.png,11,0.86110908
4384,04384.png,12,0.50926167
4385,04385.png,8,0.95211864
4386,04386.png,1,0.91288698
4387,04387.png,1,0.92098129
4388,04388.png,4,0.92886913
4389,04389.png,4,0.89877582
4390,04390.png,9,0.91925657
4391,04391.png,17,0.93895710
4392,04392.png,4,0.93047696
4393,04393.png,10,0.91635591
4394,04394.png,17,0.93817657
4395,04395.png,38,0.92137188
4396,04396.png,2,0.89404684
4397,04397.png,2,0.87955379
4398,04398.png,39,0.99392033
4399,04399.png,1,0.90270722
4400,04400.png,21,0.92781806
4401,04401.png,15,0.94838935
4402,04402.png,10,0.90970993
4403,04403.png,4,0.91917408
4404,04404.png,3,0.90080231
4405,04405.png,13,0.90441525
4406,04406.png,5,0.91611236
4407,04407.png,9,0.92251402
4408,04408.png,3,0.92608619
4409,04409.png,18,0.93244207
4410,04410.png,6,0.91863465
4411,04411.png,7,0.91927201
4412,04412.png,12,0.92192036
4413,04413.png,42,0.78527546
4414,04414.png,19,0.99510193
4415,04415.png,11,0.94732702
4416,04416.png,17,0.93737781
4417,04417.png,1,0.89177537
4418,04418.png,33,0.91219926
4419,04419.png,8,0.92918265
4420,04420.png,31,0.94702357
4421,04421.png,31,0.94206315
4422,04422.png,5,0.72584349
4423,04423.png,1,0.90236896
4424,04424.png,12,0.90319335
4425,04425.png,28,0.98864251
4426,04426.png,5,0.92351419
4427,04427.png,12,0.94552201
4428,04428.png,8,0.92650408
4429,04429.png,19,0.88797969
4430,04430.png,10,0.89421725
4431,04431.png,10,0.89977646
4432,04432.png,8,0.94372690
4433,04433.png,8,0.92905927
4434,04434.png,0,0.86146158
4435,04435.png,5,0.90958387
4436,04436.png,7,0.93009186
4437,04437.png,20,0.98523039
4438,04438.png,33,0.95060843
4439,04439.png,10,0.86648905
4440,04440.png,5,0.91575301
4441,04441.png,12,0.90581727
4442,04442.png,38,0.91148806
4443,04443.png,21,0.96847165
4444,04444.png,2,0.88746965
4445,04445.png,7,0.94144517
4446,04446.png,5,0.94099206
4447,04447.png,2,0.89073789
4448,04448.png,17,0.93607700
4449,04449.png,3,0.74477261
4450,04450.png,17,0.95590669
4451,04451.png,12,0.90454602
4452,04452.png,31,0.94583142
4453,04453.png,25,0.88561630
4454,04454.png,18,0.93808591
4455,04455.png,2,0.86725312
4456,04456.png,27,0.76770884
4457,04457.png,3,0.92102641
4458,04458.png,37,0.98690003
4459,04459.png,9,0.91599840
4460,04460.png,38,0.85861814
4461,04461.png,5,0.94164324
4462,04462.png,38,0.90479434
4463,04463.png,8,0.88366735
4464,04464.png,13,0.87777770
4465,04465.png,10,0.89979166
4466,04466.png,14,0.95615906
4467,04467.png,12,0.88408399
4468,04468.png,17,0.94260842
4469,04469.png,31,0.94691014
4470,04470.png,26,0.97321081
4471,04471.png,33,0.91007757
4472,04472.png,38,0.89963251
4473,04473.png,17,0.94690746
4474,04474.png,12,0.92117375
4475,04475.png,2,0.87963724
4476,04476.png,2,0.89811569
4477,04477.png,13,0.94338691
4478,04478.png,1,0.89061111
4479,04479.png,21,0.97612816
4480,04480.png,2,0.92180985
4481,04481.png,10,0.89264137
4482,04482.png,9,0.91610593
4483,04483.png,33,0.88982689
4484,04484.png,5,0.89633965
4485,04485.png,13,0.92166585
4486,04486.png,1,0.91388857
4487,04487.png,4,0.92758667
4488,04488.png,8,0.93605995
4489,04489.png,2,0.90750462
4490,04490.png,36,0.97631127
4491,04491.png,12,0.92403269
4492,04492.png,40,0.39245236
4493,04493.png,4,0.91401881
4494,04494.png,34,0.97450453
4495,04495.png,12,0.89529997
4496,04496.png,42,0.97569740
4497,04497.png,5,0.91110414
4498,04498.png,2,0.90792185
4499,04499.png,1,0.88988125
4500,04500.png,22,0.94482106
4501,04501.png,25,0.94715971
4502,04502.png,28,0.96089065
4503,04503.png,3,0.92458266
4504,04504.png,0,0.89521331
4505,04505.png,2,0.90321493
4506,04506.png,2,0.86347318
4507,04507.png,17,0.95432073
4508,04508.png,12,0.93049067
4509,04509.png,30,0.95505446
4510,04510.png,31,0.93400466
4511,04511.png,30,0.68916219
4512,04512.png,0,0.92913616
4513,04513.png,1,0.91882193
4514,04514.png,35,0.94758821
4515,04515.png,40,0.94129866
4516,04516.png,2,0.88746440
4517,04517.png,10,0.91626304
4518,04518.png,10,0.90114683
4519,04519.png,7,0.92377329
4520,04520.png,9,0.90452224
4521,04521.png,4,0.91962814
4522,04522.png,34,0.96125984
4523,04523.png,5,0.90199727
4524,04524.png,7,0.90983671
4525,04525.png,30,0.97473043
4526,04526.png,12,0.92723697
4527,04527.png,13,0.86362153
4528,04528.png,35,0.94557232
4529,04529.png,28,0.98049486
4530,04530.png,12,0.90369642
4531,04531.png,35,0.94393790
4532,04532.png,10,0.94655222
4533,04533.png,12,0.91419822
4534,04534.png,8,0.94706070
4535,04535.png,18,0.94561952
4536,04536.png,5,0.94167370
4537,04537.png,1,0.90801364
4538,04538.png,5,0.91373610
4539,04539.png,1,0.94120646
4540,04540.png,2,0.90239179
4541,04541.png,2,0.89874047
4542,04542.png,12,0.93190241
4543,04543.png,3,0.95872927
4544,04544.png,7,0.93089765
4545,04545.png,16,0.97654891
4546,04546.png,2,0.89218336
4547,04547.png,7,0.92754978
4548,04548.png,14,0.93589818
4549,04549.png,18,0.88814569
4550,04550.png,38,0.90488148
4551,04551.png,25,0.93024284
4552,04552.png,2,0.88132042
4553,04553.png,18,0.94683951
4554,04554.png,9,0.91772783
4555,04555.png,36,0.97406942
4556,04556.png,9,0.93219745
4557,04557.png,25,0.94691420
4558,04558.png,5,0.90752739
4559,04559.png,5,0.91835308
4560,04560.png,2,0.77072120
4561,04561.png,3,0.94147933
4562,04562.png,27,0.88777339
4563,04563.png,13,0.91390723
4564,04564.png,1,0.91166210
4565,04565.png,25,0.92131722
4566,04566.png,25,0.93978947
4567,04567.png,8,0.92896664
4568,04568.png,10,0.90233368
4569,04569.png,25,0.93334872
4570,04570.png,0,0.94842708
4571,04571.png,31,0.94195634
4572,04572.png,9,0.94513094
4573,04573.png,2,0.86495727
4574,04574.png,2,0.92174309
4575,04575.png,8,0.83839506
4576,04576.png,4,0.91039145
4577,04577.png,13,0.90309441
4578,04578.png,7,0.92074275
4579,04579.png,31,0.39970776
4580,04580.png,5,0.91882372
4581,04581.png,15,0.91626024
4582,04582.png,12,0.93566602
4583,04583.png,17,0.93707025
4584,04584.png,1,0.90668404
4585,04585.png,27,0.92367768
4586,04586.png,7,0.93522298
4587,04587.png,24,0.94362760
4588,04588.png,5,0.53286964
4589,04589.png,3,0.90990311
4590,04590.png,10,0.92837459
4591,04591.png,26,0.95228803
4592,04592.png,38,0.91985524
4593,04593.png,10,0.93801606
4594,04594.png,12,0.90102690
4595,04595.png,2,0.85724264
4596,04596.png,10,0.89727777
4597,04597.png,3,0.89867240
4598,04598.png,5,0.86660528
4599,04599.png,1,0.88320911
4600,04600.png,12,0.91315597
4601,04601.png,35,0.29235199
4602,04602.png,29,0.95429814
4603,04603.png,34,0.94261593
4604,04604.png,1,0.90754712
4605,04605.png,0,0.88115758
4606,04606.png,4,0.90686029
4607,04607.png,35,0.93525344
4608,04608.png,4,0.94196814
4609,04609.png,5,0.90258008
4610,04610.png,13,0.94930130
4611,04611.png,33,0.94556308
4612,04612.png,37,0.98018783
4613,04613.png,37,0.98655409
4614,04614.png,38,0.84176624
4615,04615.png,33,0.93784875
4616,04616.png,38,0.92602646
4617,04617.png,21,0.90946531
4618,04618.png,31,0.93620443
4619,04619.png,11,0.94241804
4620,04620.png,19,0.98065329
4621,04621.png,38,0.90423286
4622,04622.png,4,0.91886199
4623,04623.png,12,0.90343964
4624,04624.png,8,0.93582553
4625,04625.png,24,0.74949920
4626,04626.png,12,0.92547828
4627,04627.png,2,0.89874679
4628,04628.png,13,0.92308348
4629,04629.png,7,0.94033360
4630,04630.png,7,0.92600089
4631,04631.png,1,0.88699371
4632,04632.png,9,0.91015065
4633,04633.png,38,0.91073310
4634,04634.png,26,0.95778579
4635,04635.png,20,0.84705502
4636,04636.png,33,0.95737678
4637,04637.png,35,0.93913108
4638,04638.png,25,0.93502921
4639,04640.png,8,0.93917197
4640,04641.png,2,0.89468443
4641,04643.png,19,0.98652089
4642,04644.png,5,0.92417419
4643,04645.png,39,0.99275333
4644,04646.png,2,0.87232864
4645,04647.png,4,0.91293967
4646,04648.png,35,0.93651682
4647,04649.png,12,0.90263969
4648,04650.png,4,0.95620525
4649,04651.png,10,0.92012030
4650,04652.png,25,0.92907047
4651,04653.png,8,0.94450808
4652,04654.png,4,0.93099546
4653,04655.png,4,0.91999334
4654,04656.png,38,0.91181445
4655,04657.png,1,0.90905160
4656,04658.png,37,0.93829489
4657,04659.png,5,0.85742301
4658,04660.png,10,0.88926917
4659,04661.png,1,0.91414136
4660,04662.png,6,0.97588581
4661,04663.png,6,0.95184922
4662,04664.png,38,0.91888475
4663,04665.png,12,0.91426229
4664,04666.png,33,0.91862601
4665,04667.png,34,0.57364196
4666,04668.png,1,0.88276458
4667,04669.png,10,0.93511081
4668,04670.png,4,0.93082482
4669,04671.png,25,0.91858637
4670,04672.png,18,0.95910239
4671,04673.png,4,0.90930808
4672,04674.png,9,0.90698546
4673,04675.png,39,0.98939031
4674,04676.png,10,0.90707403
4675,04677.png,7,0.89962053
4676,04678.png,6,0.96628833
4677,04679.png,7,0.86395878
4678,04680.png,1,0.90211803
4679,04681.png,10,0.90164262
4680,04682.png,12,0.91142529
4681,04683.png,13,0.91099584
4682,04684.png,2,0.89851069
4683,04685.png,2,0.88364404
4684,04686.png,22,0.97173810
4685,04687.png,6,0.91639829
4686,04688.png,10,0.90167856
4687,04689.png,11,0.88412565
4688,04690.png,12,0.92619324
4689,04691.png,21,0.96152550
4690,04692.png,11,0.93852764
4691,04693.png,38,0.91194540
4692,04694.png,5,0.93027604
4693,04695.png,4,0.92651564
4694,04696.png,31,0.92986161
4695,04697.png,27,0.96316838
4696,04698.png,26,0.96493983
4697,04699.png,26,0.98383594
4698,04700.png,33,0.94329286
4699,04701.png,4,0.91846371
4700,04702.png,25,0.93251890
4701,04703.png,7,0.93702388
4702,04704.png,1,0.94290882
4703,04705.png,2,0.87983537
4704,04706.png,39,0.99281788
4705,04707.png,38,0.90744925
4706,04708.png,38,0.91212755
4707,04709.png,40,0.89704454
4708,04710.png,38,0.90327877
4709,04711.png,3,0.89254969
4710,04712.png,5,0.90794241
4711,04713.png,13,0.92465115
4712,04714.png,11,0.93092191
4713,04715.png,16,0.99084795
4714,04716.png,7,0.94243097
4715,04717.png,36,0.96666312
4716,04718.png,22,0.97679400
4717,04719.png,14,0.95945215
4718,04720.png,7,0.93684065
4719,04721.png,3,0.94911849
4720,04722.png,4,0.91002405
4721,04723.png,4,0.95358670
4722,04724.png,25,0.92712742
4723,04725.png,26,0.97490829
4724,04726.png,0,0.93788838
4725,04727.png,18,0.94301605
4726,04728.png,5,0.91171145
4727,04729.png,9,0.92492068
4728,04730.png,3,0.89893883
4729,04731.png,21,0.96010244
4730,04732.png,19,0.99362212
4731,04733.png,12,0.91501284
4732,04734.png,1,0.57401025
4733,04735.png,1,0.91589987
4734,04736.png,7,0.91872036
4735,04737.png,14,0.94332021
4736,04738.png,7,0.93967056
4737,04739.png,7,0.95505422
4738,04740.png,13,0.91879356
4739,04741.png,4,0.92551470
4740,04742.png,13,0.91669929
4741,04743.png,18,0.96597809
4742,04744.png,4,0.90419590
4743,04745.png,38,0.91390085
4744,04746.png,12,0.89286464
4745,04747.png,12,0.90907317
4746,04748.png,13,0.92018104
4747,04749.png,2,0.90251654
4748,04750.png,17,0.92755932
4749,04751.png,17,0.94855344
4750,04752.png,1,0.90057880
4751,04753.png,26,0.98009765
4752,04754.png,19,0.99296039
4753,04755.png,7,0.94456267
4754,04756.png,31,0.36658311
4755,04757.png,14,0.94515616
4756,04758.png,4,0.92372119
4757,04759.png,1,0.90774781
4758,04760.png,7,0.92840171
4759,04761.png,8,0.94202548
4760,04762.png,20,0.96476114
4761,04763.png,10,0.92045861
4762,04764.png,16,0.98428577
4763,04766.png,5,0.92470586
4764,04767.png,17,0.82278758
4765,04768.png,25,0.90325773
4766,04769.png,12,0.90589815
4767,04770.png,38,0.89179140
4768,04771.png,3,0.91926497
4769,04773.png,13,0.92176694
4770,04774.png,31,0.94342089
4771,04775.png,36,0.98304719
4772,04776.png,13,0.93828064
4773,04777.png,15,0.93804467
4774,04778.png,38,0.92490876
4775,04779.png,25,0.94212919
4776,04780.png,18,0.95536202
4777,04781.png,4,0.90950507
4778,04782.png,11,0.93955541
4779,04783.png,25,0.66768193
4780,04784.png,2,0.89493138
4781,04785.png,38,0.87707585
4782,04786.png,29,0.61468589
4783,04787.png,8,0.92396539
4784,04788.png,10,0.90524828
4785,04789.png,7,0.94051695
4786,04790.png,15,0.92346448
4787,04791.png,31,0.93776518
4788,04792.png,4,0.92499298
4789,04793.png,39,0.99126351
4790,04794.png,25,0.72711819
4791,04795.png,0,0.92150235
4792,04796.png,25,0.89263338
4793,04797.png,17,0.94672060
4794,04798.png,38,0.89563149
4795,04799.png,16,0.98088557
4796,04800.png,10,0.89794034
4797,04801.png,1,0.91186857
4798,04802.png,7,0.93209726
4799,04803.png,2,0.54146719
4800,04804.png,17,0.94835031
4801,04805.png,10,0.88851464
4802,04806.png,9,0.93764061
4803,04807.png,25,0.91857803
4804,04808.png,4,0.92251116
4805,04809.png,17,0.94620842
4806,04810.png,13,0.91900158
4807,04811.png,18,0.89124715
4808,04812.png,5,0.44286197
4809,04813.png,5,0.90920371
4810,04814.png,5,0.91220570
4811,04815.png,10,0.91404814
4812,04816.png,25,0.91147751
4813,04817.png,7,0.91587520
4814,04818.png,10,0.92823046
4815,04819.png,11,0.93413669
4816,04820.png,11,0.70782709
4817,04821.png,42,0.97472262
4818,04822.png,13,0.90945554
4819,04823.png,2,0.87772202
4820,04824.png,4,0.91654092
4821,04825.png,4,0.88074833
4822,04826.png,2,0.86413759
4823,04827.png,22,0.97023004
4824,04828.png,35,0.86907244
4825,04829.png,17,0.93733913
4826,04830.png,4,0.89590943
4827,04831.png,7,0.94698459
4828,04832.png,8,0.91859442
4829,04834.png,7,0.91635174
4830,04835.png,10,0.90607977
4831,04836.png,5,0.94425219
4832,04837.png,10,0.91375387
4833,04838.png,10,0.90831304
4834,04839.png,4,0.92797530
4835,04840.png,5,0.91874003
4836,04841.png,7,0.93784910
4837,04842.png,11,0.95112050
4838,04843.png,3,0.89785981
4839,04844.png,12,0.92799902
4840,04845.png,38,0.90510136
4841,04846.png,13,0.90972805
4842,04847.png,9,0.79293168
4843,04848.png,11,0.94366574
4844,04849.png,29,0.97504401
4845,04850.png,7,0.89228523
4846,04851.png,3,0.90530306
4847,04852.png,2,0.92152917
4848,04853.png,12,0.87793267
4849,04854.png,22,0.94412786
4850,04855.png,10,0.91159534
4851,04856.png,13,0.91807580
4852,04857.png,38,0.90885019
4853,04858.png,7,0.92095852
4854,04859.png,14,0.95817977
4855,04860.png,33,0.94501680
4856,04861.png,3,0.90600157
4857,04862.png,4,0.93771404
4858,04863.png,15,0.91324258
4859,04864.png,1,0.88108099
4860,04865.png,9,0.93485206
4861,04866.png,9,0.91635770
4862,04867.png,11,0.92794061
4863,04868.png,32,0.97702366
4864,04869.png,39,0.99032438
4865,04870.png,38,0.90943503
4866,04871.png,12,0.94402045
4867,04872.png,4,0.93057996
4868,04873.png,3,0.90646976
4869,04874.png,1,0.89708424
4870,04875.png,14,0.94680083
4871,04876.png,15,0.90372252
4872,04877.png,38,0.89140737
4873,04878.png,33,0.93583786
4874,04879.png,27,0.93747300
4875,04880.png,18,0.93389124
4876,04881.png,10,0.88918990
4877,04882.png,13,0.91872019
4878,04883.png,18,0.72846586
4879,04884.png,2,0.91235900
4880,04885.png,31,0.91855127
4881,04886.png,31,0.33225161
4882,04887.png,11,0.39799514
4883,04888.png,1,0.92698604
4884,04889.png,19,0.99503028
4885,04890.png,1,0.90696442
4886,04891.png,38,0.91280079
4887,04892.png,18,0.94385058
4888,04893.png,24,0.98537076
4889,04894.png,3,0.91123599
4890,04895.png,11,0.92904824
4891,04896.png,1,0.91493559
4892,04897.png,4,0.93904221
4893,04898.png,40,0.74152857
4894,04899.png,7,0.93051988
4895,04900.png,25,0.90881717
4896,04901.png,31,0.95375198
4897,04902.png,29,0.97075552
4898,04903.png,7,0.95685291
4899,04904.png,35,0.94386292
4900,04905.png,10,0.91079926
4901,04906.png,5,0.92056113
4902,04907.png,12,0.91714197
4903,04909.png,8,0.94009334
4904,04910.png,13,0.91209662
4905,04911.png,17,0.95681548
4906,04912.png,10,0.91638082
4907,04913.png,14,0.94040543
4908,04914.png,23,0.91759652
4909,04915.png,8,0.93046129
4910,04916.png,17,0.95291996
4911,04917.png,9,0.83264393
4912,04918.png,25,0.93173802
4913,04919.png,1,0.92088747
4914,04920.png,1,0.90814441
4915,04921.png,38,0.90153837
4916,04922.png,12,0.95734948
4917,04923.png,31,0.93344885
4918,04924.png,10,0.87830073
4919,04925.png,31,0.92779821
4920,04926.png,5,0.93917018
4921,04927.png,10,0.90666717
4922,04928.png,2,0.83772963
4923,04929.png,34,0.94550526
4924,04930.png,35,0.94495016
4925,04931.png,11,0.90292698
4926,04932.png,42,0.96100086
4927,04933.png,39,0.98969847
4928,04934.png,8,0.94432563
4929,04935.png,2,0.45473146
4930,04936.png,38,0.90573609
4931,04937.png,7,0.91970891
4932,04938.png,10,0.87910610
4933,04939.png,2,0.89375067
4934,04940.png,9,0.89628059
4935,04941.png,13,0.92988634
4936,04942.png,10,0.91003203
4937,04943.png,14,0.95979607
4938,04944.png,25,0.88678151
4939,04945.png,19,0.99395519
4940,04946.png,5,0.90395796
4941,04947.png,8,0.93868876
4942,04948.png,31,0.94072199
4943,04949.png,13,0.89591277
4944,04950.png,9,0.90748912
4945,04951.png,40,0.93728489
4946,04954.png,18,0.92363292
4947,04955.png,9,0.88700795
4948,04956.png,2,0.88750833
4949,04957.png,17,0.92520940
4950,04958.png,25,0.94783503
4951,04959.png,2,0.90097016
4952,04960.png,7,0.92161685
4953,04961.png,25,0.92146140
4954,04962.png,5,0.88190937
4955,04963.png,12,0.92407626
4956,04964.png,14,0.95099616
4957,04965.png,11,0.93448311
4958,04966.png,39,0.99098259
4959,04967.png,7,0.91244727
4960,04968.png,10,0.90558934
4961,04969.png,13,0.89794022
4962,04970.png,9,0.94068784
4963,04971.png,15,0.94728845
4964,04972.png,7,0.94056851
4965,04973.png,10,0.92434901
4966,04974.png,13,0.92435390
4967,04975.png,35,0.93486029
4968,04976.png,4,0.92579061
4969,04977.png,32,0.98097771
4970,04978.png,23,0.69571728
4971,04979.png,38,0.91337246
4972,04980.png,40,0.90386653
4973,04981.png,35,0.94986659
4974,04982.png,2,0.91899019
4975,04983.png,12,0.78121531
4976,04984.png,2,0.89864957
4977,04986.png,1,0.92820477
4978,04987.png,25,0.92246693
4979,04988.png,1,0.88422871
4980,04989.png,35,0.93687320
4981,04990.png,2,0.88914806
4982,04991.png,39,0.99528933
4983,04992.png,2,0.91089559
4984,04993.png,3,0.51956600
4985,04994.png,4,0.93506455
4986,04995.png,26,0.98764068
4987,04996.png,12,0.89332294
4988,04997.png,4,0.93667090
4989,04998.png,3,0.89475888
4990,04999.png,35,0.94735557
4991,05001.png,14,0.93361920
4992,05002.png,18,0.95402020
4993,05003.png,1,0.91877198
4994,05004.png,5,0.92419249
4995,05005.png,13,0.91800666
4996,05006.png,1,0.90101993
4997,05007.png,2,0.89258754
4998,05008.png,35,0.95112103
4999,05009.png,9,0.91362113
5000,05010.png,29,0.98112053
5001,05011.png,1,0.90568817
5002,05012.png,38,0.90278286
5003,05013.png,18,0.94232094
5004,05014.png,3,0.92531800
5005,05015.png,3,0.91218460
5006,05016.png,4,0.91779351
5007,05017.png,17,0.94728535
5008,05018.png,12,0.90987355
5009,05021.png,33,0.95227194
5010,05022.png,42,0.85227537
5011,05023.png,25,0.93877351
5012,05024.png,13,0.89283264
5013,05025.png,9,0.92053097
5014,05026.png,18,0.94156599
5015,05027.png,6,0.97499609
5016,05028.png,2,0.92229229
5017,05029.png,3,0.91637343
5018,05030.png,13,0.91589499
5019,05031.png,11,0.94538593
5020,05032.png,38,0.91478962
5021,05033.png,18,0.92521346
5022,05034.png,3,0.92033756
5023,05035.png,12,0.90983653
5024,05036.png,32,0.97844625
5025,05037.png,13,0.92748505
5026,05038.png,2,0.88867652
5027,05039.png,35,0.95931345
5028,05040.png,13,0.91023022
5029,05041.png,5,0.90993983
5030,05042.png,10,0.86307073
5031,05043.png,27,0.97425759
5032,05044.png,35,0.94345719
5033,05045.png,17,0.93981379
5034,05046.png,1,0.92292762
5035,05047.png,29,0.97443455
5036,05048.png,35,0.94027817
5037,05049.png,2,0.88925844
5038,05050.png,25,0.92426646
5039,05051.png,14,0.94594979
5040,05052.png,8,0.92786968
5041,05053.png,2,0.92270499
5042,05054.png,14,0.94496584
5043,05055.png,38,0.87798935
5044,05056.png,8,0.93808579
5045,05057.png,27,0.70687681
5046,05058.png,9,0.91624415
5047,05059.png,10,0.90775770
5048,05060.png,3,0.92264366
5049,05061.png,13,0.88476330
5050,05062.png,38,0.92304742
5051,05063.png,36,0.97293538
5052,05064.png,11,0.92869055
5053,05065.png,13,0.91120720
5054,05066.png,24,0.98867130
5055,05067.png,10,0.88186395
5056,05068.png,19,0.99506563
5057,05069.png,25,0.92979473
5058,05070.png,10,0.92035085
5059,05071.png,11,0.91049755
5060,05073.png,13,0.56880993
5061,05075.png,15,0.92034584
5062,05076.png,1,0.85805988
5063,05078.png,12,0.91029304
5064,05079.png,4,0.93303239
5065,05080.png,14,0.94630420
5066,05081.png,10,0.90535635
5067,05082.png,10,0.91361743
5068,05083.png,12,0.91964692
5069,05084.png,5,0.92255640
5070,05085.png,2,0.92964447
5071,05086.png,13,0.91973817
5072,05087.png,1,0.91541553
5073,05088.png,13,0.93319798
5074,05089.png,9,0.92156643
5075,05090.png,9,0.92894632
5076,05091.png,2,0.83708894
5077,05092.png,10,0.90110594
5078,05093.png,19,0.23211032
5079,05094.png,10,0.91345382
5080,05095.png,22,0.72662914
5081,05096.png,13,0.90815997
5082,05097.png,2,0.93287212
5083,05098.png,1,0.90075278
5084,05099.png,7,0.93198150
5085,05100.png,5,0.92618638
5086,05101.png,18,0.96590471
5087,05102.png,12,0.89341027
5088,05103.png,5,0.94518417
5089,05104.png,2,0.91993946
5090,05105.png,25,0.91271871
5091,05106.png,1,0.90640914
5092,05107.png,38,0.91287857
5093,05108.png,35,0.43868536
5094,05109.png,25,0.93882114
5095,05110.png,38,0.90352976
5096,05111.png,1,0.85903382
5097,05112.png,14,0.93165874
5098,05113.png,5,0.94971186
5099,05114.png,35,0.88408566
5100,05115.png,14,0.95754945
5101,05116.png,15,0.94623983
5102,05117.png,15,0.85250169
5103,05118.png,4,0.91519994
5104,05119.png,9,0.91148382
5105,05120.png,10,0.92049378
5106,05121.png,1,0.90315419
5107,05122.png,1,0.89206582
5108,05123.png,38,0.89179015
5109,05124.png,12,0.91651714
5110,05125.png,39,0.99286932
5111,05126.png,12,0.90128517
5112,05127.png,40,0.93936598
5113,05129.png,15,0.90878057
5114,05130.png,18,0.94043863
5115,05131.png,17,0.92440158
5116,05132.png,39,0.98991346
5117,05133.png,5,0.93775076
5118,05134.png,23,0.97644502
5119,05135.png,3,0.92719173
5120,05136.png,3,0.89803946
5121,05137.png,25,0.94169343
5122,05138.png,38,0.90361929
5123,05139.png,2,0.90618479
5124,05140.png,13,0.92457694
5125,05141.png,12,0.91002530
5126,05142.png,14,0.94757420
5127,05143.png,13,0.92343020
5128,05144.png,38,0.89637816
5129,05145.png,4,0.91621560
5130,05146.png,10,0.90250295
5131,05147.png,38,0.93007398
5132,05148.png,2,0.85239929
5133,05149.png,31,0.82739443
5134,05150.png,4,0.93212920
5135,05151.png,25,0.95130885
5136,05152.png,18,0.88432509
5137,05153.png,2,0.88882595
5138,05154.png,3,0.90767336
5139,05155.png,13,0.90438610
5140,05157.png,5,0.94338739
5141,05158.png,38,0.91003138
5142,05159.png,4,0.91652501
5143,05160.png,34,0.93400407
5144,05161.png,5,0.54146224
5145,05162.png,11,0.94430649
5146,05163.png,11,0.92030102
5147,05164.png,18,0.95816642
5148,05166.png,17,0.94517511
5149,05167.png,1,0.90030450
5150,05168.png,10,0.90738988
5151,05169.png,12,0.91949511
5152,05170.png,3,0.91710740
5153,05171.png,38,0.90426189
5154,05172.png,23,0.98394901
5155,05173.png,13,0.91531247
5156,05174.png,4,0.93002272
5157,05177.png,8,0.93627965
5158,05178.png,4,0.92375946
5159,05179.png,13,0.92545670
5160,05180.png,31,0.87832499
5161,05181.png,38,0.91462123
5162,05182.png,12,0.54720426
5163,05183.png,35,0.95003581
5164,05184.png,7,0.93596792
5165,05185.png,10,0.92051214
5166,05186.png,7,0.91145909
5167,05187.png,1,0.90558815
5168,05188.png,4,0.93314505
5169,05189.png,20,0.97366387
5170,05190.png,14,0.95805413
5171,05191.png,13,0.91808081
5172,05192.png,2,0.90806371
5173,05193.png,17,0.82559580
5174,05194.png,13,0.91250867
5175,05195.png,36,0.97645003
5176,05196.png,1,0.90956628
5177,05197.png,38,0.92739904
5178,05198.png,3,0.92136407
5179,05199.png,13,0.89875454
5180,05200.png,35,0.91970974
5181,05201.png,2,0.89352733
5182,05202.png,18,0.93345517
5183,05203.png,13,0.92690933
5184,05204.png,12,0.90670961
5185,05205.png,2,0.88983756
5186,05206.png,1,0.93314832
5187,05207.png,11,0.94162333
5188,05208.png,5,0.92331535
5189,05209.png,13,0.92074406
5190,05210.png,10,0.91075832
5191,05211.png,38,0.89528966
5192,05212.png,25,0.92513549
5193,05213.png,14,0.94660455
5194,05214.png,5,0.97032464
5195,05215.png,1,0.85174525
5196,05216.png,9,0.92242819
5197,05217.png,17,0.90621239
5198,05218.png,40,0.93614590
5199,05219.png,12,0.91267443
5200,05220.png,4,0.91750038
5201,05221.png,31,0.91990972
5202,05222.png,40,0.96311593
5203,05224.png,2,0.91444606
5204,05225.png,6,0.97465354
5205,05226.png,1,0.92673993
5206,05227.png,11,0.89330089
5207,05229.png,35,0.93636715
5208,05230.png,9,0.89965528
5209,05231.png,3,0.91042066
5210,05232.png,14,0.95353174
5211,05233.png,27,0.75247979
5212,05234.png,38,0.90462643
5213,05235.png,5,0.92971992
5214,05236.png,4,0.91892207
5215,05237.png,2,0.93426132
5216,05238.png,38,0.93573803
5217,05239.png,18,0.63310146
5218,05240.png,4,0.92901224
5219,05241.png,38,0.90762061
5220,05242.png,38,0.90436000
5221,05243.png,3,0.90560985
5222,05244.png,12,0.90100086
5223,05245.png,1,0.92376149
5224,05246.png,20,0.96536183
5225,05247.png,5,0.89692909
5226,05248.png,40,0.94677293
5227,05249.png,2,0.87708312
5228,05250.png,38,0.89862174
5229,05252.png,1,0.92541462
5230,05253.png,12,0.90396762
5231,05254.png,5,0.93652040
5232,05255.png,3,0.92622536
5233,05256.png,4,0.91594738
5234,05257.png,15,0.91979069
5235,05258.png,13,0.92809933
5236,05259.png,38,0.91543841
5237,05260.png,1,0.90593624
5238,05261.png,38,0.91987842
5239,05262.png,3,0.87052667
5240,05263.png,2,0.90759635
5241,05264.png,10,0.94111967
5242,05265.png,1,0.89999640
5243,05266.png,38,0.91891825
5244,05267.png,13,0.91724992
5245,05268.png,18,0.92679870
5246,05269.png,1,0.90558785
5247,05270.png,5,0.92162049
5248,05271.png,23,0.91251391
5249,05272.png,1,0.86649817
5250,05273.png,4,0.92623615
5251,05274.png,31,0.93330193
5252,05275.png,12,0.93282717
5253,05276.png,12,0.91416752
5254,05277.png,25,0.90569544
5255,05278.png,5,0.92563564
5256,05279.png,4,0.92557055
5257,05281.png,25,0.93460697
5258,05282.png,7,0.95242643
5259,05283.png,38,0.90714896
5260,05284.png,17,0.94817191
5261,05285.png,12,0.91197634
5262,05286.png,10,0.92347735
5263,05287.png,13,0.92665219
5264,05288.png,15,0.93795270
5265,05289.png,23,0.19866930
5266,05290.png,18,0.96642518
5267,05291.png,25,0.95028657
5268,05292.png,34,0.97283721
5269,05293.png,20,0.96911210
5270,05294.png,11,0.92589790
5271,05295.png,20,0.97903639
5272,05296.png,23,0.91980803
5273,05297.png,12,0.92204058
5274,05298.png,32,0.21255274
5275,05299.png,36,0.96767932
5276,05300.png,18,0.92954868
5277,05301.png,11,0.93203175
5278,05302.png,33,0.94751650
5279,05303.png,7,0.91624171
5280,05304.png,17,0.94743240
5281,05305.png,10,0.91634572
5282,05306.png,38,0.90713590
5283,05307.png,2,0.52841842
5284,05308.png,2,0.89879650
5285,05309.png,6,0.93550467
5286,05310.png,13,0.90965939
5287,05311.png,14,0.93376887
5288,05312.png,1,0.90389830
5289,05314.png,35,0.95182240
5290,05315.png,38,0.88420004
5291,05316.png,11,0.93910605
5292,05317.png,35,0.94932848
5293,05318.png,18,0.92430007
5294,05319.png,18,0.96236771
5295,05320.png,15,0.93866438
5296,05321.png,2,0.90909308
5297,05322.png,3,0.89169496
5298,05323.png,13,0.90863705
5299,05324.png,8,0.94538021
5300,05325.png,31,0.93690616
5301,05326.png,4,0.93799245
5302,05327.png,18,0.93329984
5303,05328.png,13,0.90396625
5304,05329.png,25,0.94410139
5305,05330.png,2,0.88203704
5306,05331.png,25,0.92909867
5307,05332.png,25,0.94635576
5308,05333.png,1,0.74589443
5309,05334.png,8,0.94531083
5310,05335.png,31,0.93367958
5311,05336.png,40,0.90921593
5312,05337.png,22,0.68894476
5313,05338.png,31,0.93229461
5314,05339.png,9,0.90742755
5315,05340.png,25,0.93330711
5316,05341.png,25,0.92975730
5317,05342.png,24,0.98769403
5318,05343.png,1,0.91907054
5319,05344.png,4,0.91862619
5320,05345.png,12,0.90709573
5321,05346.png,33,0.93610394
5322,05347.png,5,0.92966831
5323,05348.png,4,0.92272669
5324,05350.png,1,0.90535605
5325,05351.png,9,0.93669230
5326,05352.png,11,0.43657196
5327,05353.png,4,0.82727188
5328,05354.png,33,0.94012272
5329,05356.png,4,0.94274509
5330,05357.png,17,0.93596053
5331,05358.png,4,0.91975206
5332,05359.png,40,0.87337530
5333,05360.png,4,0.95088279
5334,05361.png,5,0.93994600
5335,05362.png,3,0.90350389
5336,05364.png,6,0.91943896
5337,05365.png,34,0.94289768
5338,05366.png,13,0.92818344
5339,05367.png,14,0.94379610
5340,05368.png,1,0.91890031
5341,05369.png,34,0.21021576
5342,05370.png,5,0.92078894
5343,05371.png,3,0.89817619
5344,05372.png,1,0.89305878
5345,05373.png,1,0.91233695
5346,05374.png,9,0.94155043
5347,05375.png,5,0.90246141
5348,05376.png,12,0.89928752
5349,05377.png,15,0.91720074
5350,05378.png,13,0.91870511
5351,05379.png,24,0.98080140
5352,05380.png,15,0.92226195
5353,05381.png,20,0.74445516
5354,05382.png,2,0.87193507
5355,05384.png,9,0.89707273
5356,05385.png,7,0.92248571
5357,05386.png,35,0.94345015
5358,05387.png,10,0.91951960
5359,05388.png,14,0.95804572
5360,05389.png,17,0.92915887
5361,05390.png,15,0.93129790
5362,05391.png,2,0.92397702
5363,05392.png,2,0.87976187
5364,05393.png,18,0.90864265
5365,05395.png,7,0.92401111
5366,05396.png,8,0.94623905
5367,05397.png,35,0.85896540
5368,05398.png,12,0.91674668
5369,05399.png,9,0.92631751
5370,05401.png,13,0.89213711
5371,05402.png,13,0.90836418
5372,05404.png,20,0.88346881
5373,05405.png,21,0.98758763
5374,05406.png,34,0.94133645
5375,05407.png,14,0.93957800
5376,05408.png,12,0.93391913
5377,05409.png,38,0.92386037
5378,05410.png,4,0.94984752
5379,05411.png,18,0.96168512
5380,05412.png,13,0.91694409
5381,05413.png,18,0.95766062
5382,05414.png,4,0.91661733
5383,05415.png,12,0.91475219
5384,05416.png,11,0.92375344
5385,05417.png,12,0.89120376
5386,05418.png,15,0.94618857
5387,05419.png,12,0.91831243
5388,05420.png,37,0.98115093
5389,05421.png,7,0.91395879
5390,05422.png,31,0.95812440
5391,05423.png,15,0.92095643
5392,05424.png,14,0.94656366
5393,05425.png,9,0.92439866
5394,05426.png,36,0.97469294
5395,05427.png,38,0.91657871
5396,05428.png,2,0.88473809
5397,05429.png,13,0.91995746
5398,05430.png,31,0.93305683
5399,05431.png,12,0.91621530
5400,05432.png,8,0.94511175
5401,05433.png,11,0.91256344
5402,05434.png,4,0.92215806
5403,05435.png,11,0.90060598
5404,05436.png,38,0.90764898
5405,05437.png,10,0.89216012
5406,05438.png,38,0.92309815
5407,05439.png,1,0.94053584
5408,05440.png,12,0.91022205
5409,05441.png,6,0.96472967
5410,05442.png,4,0.92448068
5411,05443.png,11,0.91314191
5412,05445.png,20,0.96518910
5413,05446.png,9,0.92820436
5414,05447.png,10,0.90299952
5415,05448.png,15,0.95570892
5416,05449.png,10,0.91067541
5417,05450.png,35,0.93118560
5418,05451.png,15,0.94914371
5419,05452.png,38,0.91375798
5420,05453.png,8,0.94028735
5421,05454.png,5,0.88598502
5422,05456.png,11,0.95163023
5423,05457.png,13,0.90579361
5424,05458.png,12,0.91968298
5425,05460.png,8,0.94135916
5426,05461.png,3,0.93432289
5427,05462.png,4,0.93774456
5428,05463.png,13,0.87592256
5429,05465.png,34,0.88825363
5430,05466.png,36,0.96031094
5431,05467.png,10,0.90195692
5432,05468.png,2,0.88711488
5433,05469.png,8,0.90533441
5434,05470.png,22,0.96039349
5435,05471.png,11,0.92458683
5436,05472.png,25,0.93907714
5437,05473.png,2,0.86569583
5438,05474.png,38,0.90492874
5439,05475.png,4,0.96659207
5440,05476.png,11,0.95201242
5441,05477.png,13,0.92996901
5442,05478.png,21,0.98545408
5443,05479.png,15,0.93798584
5444,05480.png,10,0.89129525
5445,05481.png,5,0.93870252
5446,05482.png,15,0.66744745
5447,05483.png,7,0.91315717
5448,05484.png,38,0.91748595
5449,05485.png,5,0.95977759
5450,05486.png,10,0.90465158
5451,05487.png,12,0.91934526
5452,05488.png,10,0.90924609
5453,05489.png,35,0.94025004
5454,05490.png,34,0.32707667
5455,05491.png,3,0.90776545
5456,05492.png,8,0.92938733
5457,05493.png,38,0.90932137
5458,05494.png,2,0.91252464
5459,05495.png,38,0.57779747
5460,05497.png,31,0.95288318
5461,05499.png,33,0.93688691
5462,05500.png,17,0.95285231
5463,05501.png,10,0.87494892
5464,05502.png,2,0.89649129
5465,05504.png,11,0.92243475
5466,05505.png,38,0.89474475
5467,05506.png,38,0.91758281
5468,05507.png,25,0.78061217
5469,05508.png,13,0.93093628
5470,05510.png,38,0.77990556
5471,05511.png,7,0.93187177
5472,05512.png,13,0.92306936
5473,05513.png,4,0.91226703
5474,05514.png,38,0.93023056
5475,05515.png,19,0.99553972
5476,05516.png,35,0.94076073
5477,05517.png,17,0.92739791
5478,05518.png,27,0.93924361
5479,05521.png,6,0.74077189
5480,05522.png,38,0.92398232
5481,05523.png,31,0.94807434
5482,05524.png,31,0.92599386
5483,05525.png,2,0.88696444
5484,05526.png,11,0.92619169
5485,05527.png,32,0.97453475
5486,05528.png,37,0.98871511
5487,05529.png,12,0.59437603
5488,05530.png,9,0.93080103
5489,05531.png,7,0.94325596
5490,05532.png,17,0.94646937
5491,05533.png,38,0.89737409
5492,05534.png,7,0.92903912
5493,05535.png,14,0.94941646
5494,05536.png,2,0.86049187
5495,05537.png,1,0.86383682
5496,05538.png,11,0.91819525
5497,05539.png,1,0.90490562
5498,05540.png,29,0.97889531
5499,05541.png,11,0.91993815
5500,05542.png,5,0.93198752
5501,05543.png,14,0.95222187
5502,05544.png,9,0.92333448
5503,05545.png,38,0.91011924
5504,05546.png,10,0.91614676
5505,05547.png,25,0.90446472
5506,05549.png,17,0.94398367
5507,05550.png,10,0.90196335
5508,05551.png,1,0.91852349
5509,05552.png,13,0.92966139
5510,05553.png,9,0.92782903
5511,05554.png,11,0.94828159
5512,05555.png,39,0.98922813
5513,05556.png,18,0.93238974
5514,05557.png,25,0.80142754
5515,05558.png,33,0.94991571
5516,05559.png,13,0.92023838
5517,05560.png,7,0.89494234
5518,05561.png,12,0.93723202
5519,05563.png,10,0.90679407
5520,05564.png,8,0.94773543
5521,05565.png,5,0.72581261
5522,05566.png,38,0.89242417
5523,05567.png,12,0.90549195
5524,05568.png,32,0.97554737
5525,05569.png,8,0.92526299
5526,05570.png,13,0.92411953
5527,05571.png,38,0.91770166
5528,05572.png,7,0.95373148
5529,05573.png,7,0.93756503
5530,05574.png,18,0.47299448
5531,05575.png,15,0.94174957
5532,05576.png,4,0.94735169
5533,05577.png,18,0.93099475
5534,05578.png,33,0.93890256
5535,05579.png,2,0.93146664
5536,05580.png,1,0.91122371
5537,05581.png,2,0.89183784
5538,05582.png,11,0.91839743
5539,05583.png,1,0.88986075
5540,05584.png,17,0.94241667
5541,05585.png,1,0.88583720
5542,05586.png,1,0.86905235
5543,05587.png,12,0.91118461
5544,05588.png,10,0.92361808
5545,05589.png,10,0.89955342
5546,05590.png,13,0.90422124
5547,05591.png,4,0.92485565
5548,05592.png,2,0.89872402
5549,05593.png,36,0.98152059
5550,05594.png,8,0.93045598
5551,05595.png,12,0.91444206
5552,05596.png,7,0.93200552
5553,05597.png,11,0.94975001
5554,05598.png,5,0.90991151
5555,05599.png,15,0.91635722
5556,05601.png,40,0.92365694
5557,05602.png,1,0.89355749
5558,05603.png,7,0.94895422
5559,05604.png,4,0.92110044
5560,05605.png,17,0.95886505
5561,05606.png,9,0.91369557
5562,05607.png,17,0.90593427
5563,05608.png,40,0.91698009
5564,05609.png,7,0.95365578
5565,05610.png,31,0.95387775
5566,05611.png,10,0.91291857
5567,05612.png,18,0.94386250
5568,05613.png,13,0.92069525
5569,05614.png,25,0.91987574
5570,05615.png,17,0.94786769
5571,05616.png,9,0.90594941
5572,05617.png,38,0.91638923
5573,05618.png,7,0.93805116
5574,05619.png,3,0.90510517
5575,05620.png,29,0.97709310
5576,05621.png,12,0.93017673
5577,05622.png,8,0.92298883
5578,05623.png,10,0.90981758
5579,05624.png,25,0.92631155
5580,05625.png,10,0.91076559
5581,05626.png,5,0.95335358
5582,05627.png,3,0.92772633
5583,05628.png,37,0.97960597
5584,05630.png,7,0.92767155
5585,05631.png,3,0.91367108
5586,05632.png,14,0.94384050
5587,05633.png,35,0.94881111
5588,05634.png,13,0.89684796
5589,05635.png,17,0.94685221
5590,05636.png,15,0.94720066
5591,05637.png,21,0.94693100
5592,05638.png,13,0.90964323
5593,05639.png,38,0.86312604
5594,05640.png,3,0.90024102
5595,05641.png,3,0.87759805
5596,05642.png,11,0.94145799
5597,05643.png,18,0.94807184
5598,05644.png,20,0.87590063
5599,05645.png,5,0.92397159
5600,05646.png,8,0.93481308
5601,05647.png,18,0.94469464
5602,05648.png,5,0.93855536
5603,05649.png,7,0.93245327
5604,05650.png,12,0.92233932
5605,05651.png,5,0.93751001
5606,05652.png,38,0.91579002
5607,05653.png,14,0.95482898
5608,05654.png,2,0.86930668
5609,05655.png,4,0.92909217
5610,05656.png,17,0.96127087
5611,05657.png,2,0.92051840
5612,05658.png,37,0.98923618
5613,05659.png,40,0.95842195
5614,05660.png,31,0.95497549
5615,05661.png,7,0.95304126
5616,05662.png,18,0.96695787
5617,05663.png,13,0.91381949
5618,05665.png,13,0.91604501
5619,05666.png,7,0.93299162
5620,05667.png,27,0.86360669
5621,05668.png,5,0.90394884
5622,05669.png,7,0.93633038
5623,05670.png,31,0.94614214
5624,05671.png,2,0.90026355
5625,05672.png,4,0.94833833
5626,05673.png,8,0.92882657
5627,05674.png,11,0.93716341
5628,05675.png,8,0.93710619
5629,05676.png,25,0.93533039
5630,05677.png,9,0.90340126
5631,05678.png,14,0.95911974
5632,05679.png,12,0.89394355
5633,05680.png,10,0.88460171
5634,05682.png,17,0.93057501
5635,05683.png,38,0.89784741
5636,05684.png,25,0.92904651
5637,05686.png,5,0.91070324
5638,05687.png,1,0.93202406
5639,05688.png,35,0.93491936
5640,05689.png,2,0.90344036
5641,05690.png,2,0.92829549
5642,05691.png,11,0.93915254
5643,05692.png,12,0.89733195
5644,05693.png,27,0.74798441
5645,05694.png,17,0.95863640
5646,05695.png,12,0.92097896
5647,05696.png,33,0.91578460
5648,05697.png,38,0.90082097
5649,05698.png,2,0.90315002
5650,05699.png,4,0.92503124
5651,05700.png,8,0.80849445
5652,05702.png,12,0.91457397
5653,05703.png,29,0.96685219
5654,05704.png,1,0.92709708
5655,05705.png,41,0.95830607
5656,05706.png,17,0.95827228
5657,05707.png,38,0.91746891
5658,05708.png,35,0.93279397
5659,05709.png,9,0.92259312
5660,05710.png,2,0.90136009
5661,05711.png,2,0.91919547
5662,05712.png,19,0.95663089
5663,05713.png,12,0.88346368
5664,05714.png,5,0.94342512
5665,05715.png,2,0.89544660
5666,05716.png,25,0.91121429
5667,05717.png,2,0.91144955
5668,05718.png,33,0.92969352
5669,05719.png,7,0.90727651
5670,05720.png,35,0.95123547
5671,05721.png,4,0.93792921
5672,05722.png,35,0.95880532
5673,05723.png,12,0.88904321
5674,05725.png,7,0.92172790
5675,05726.png,10,0.88581258
5676,05727.png,42,0.85664874
5677,05728.png,13,0.91769946
5678,05729.png,5,0.94619757
5679,05730.png,31,0.95133322
5680,05731.png,3,0.92455381
5681,05732.png,38,0.92251301
5682,05733.png,1,0.64306492
5683,05735.png,11,0.93929321
5684,05737.png,4,0.92461854
5685,05738.png,10,0.90785784
5686,05739.png,4,0.92834789
5687,05740.png,5,0.94804281
5688,05741.png,8,0.92944342
5689,05742.png,24,0.94758797
5690,05743.png,31,0.94999224
5691,05744.png,3,0.90528595
5692,05745.png,4,0.92646265
5693,05746.png,12,0.90929979
5694,05747.png,21,0.98032570
5695,05748.png,29,0.96304643
5696,05750.png,4,0.91791737
5697,05751.png,1,0.91842002
5698,05753.png,5,0.95105988
5699,05754.png,10,0.89520139
5700,05755.png,4,0.91819710
5701,05756.png,9,0.92473960
5702,05757.png,7,0.93292379
5703,05758.png,25,0.92872941
5704,05759.png,4,0.91782939
5705,05760.png,21,0.62901872
5706,05761.png,5,0.92087543
5707,05762.png,12,0.91930413
5708,05763.png,4,0.92256856
5709,05764.png,3,0.92111182
5710,05765.png,2,0.90679067
5711,05766.png,39,0.99296969
5712,05767.png,38,0.90572447
5713,05768.png,33,0.94375759
5714,05769.png,33,0.94423181
5715,05770.png,1,0.88603389
5716,05771.png,37,0.99041092
5717,05772.png,36,0.98046732
5718,05773.png,5,0.91640985
5719,05774.png,24,0.99236965
5720,05775.png,13,0.91141784
5721,05776.png,7,0.92338395
5722,05777.png,10,0.91211575
5723,05778.png,19,0.98594427
5724,05781.png,18,0.91832805
5725,05782.png,12,0.91230738
5726,05783.png,14,0.93918735
5727,05784.png,38,0.90947318
5728,05785.png,5,0.94393313
5729,05786.png,42,0.95686251
5730,05787.png,13,0.90995622
5731,05788.png,5,0.90628660
5732,05789.png,3,0.89745384
5733,05790.png,10,0.89632779
5734,05791.png,37,0.98765159
5735,05792.png,5,0.86631173
5736,05793.png,31,0.93414521
5737,05795.png,9,0.93162483
5738,05796.png,3,0.91091263
5739,05797.png,24,0.98777997
5740,05798.png,13,0.92119002
5741,05800.png,10,0.91563094
5742,05801.png,33,0.94725114
5743,05803.png,4,0.91498488
5744,05804.png,12,0.91346437
5745,05805.png,37,0.98336351
5746,05807.png,25,0.93855464
5747,05808.png,11,0.94064838
5748,05809.png,38,0.91477543
5749,05810.png,38,0.88362217
5750,05811.png,5,0.88931334
5751,05812.png,13,0.91245663
5752,05813.png,1,0.92216921
5753,05814.png,10,0.90683711
5754,05815.png,10,0.89835912
5755,05816.png,31,0.95263106
5756,05817.png,31,0.93288112
5757,05818.png,4,0.92098451
5758,05819.png,37,0.97928613
5759,05820.png,3,0.90683341
5760,05821.png,12,0.90943968
5761,05822.png,1,0.92166370
5762,05823.png,7,0.92860323
5763,05825.png,12,0.91846406
5764,05826.png,14,0.95826614
5765,05827.png,35,0.94880521
5766,05828.png,11,0.91337413
5767,05829.png,11,0.94386959
5768,05830.png,1,0.91006154
5769,05831.png,8,0.93778270
5770,05832.png,38,0.92164344
5771,05833.png,7,0.93742168
5772,05835.png,10,0.91756904
5773,05836.png,12,0.90607518
5774,05837.png,2,0.89047354
5775,05838.png,11,0.94730645
5776,05840.png,9,0.91165084
5777,05841.png,11,0.94485956
5778,05842.png,3,0.90525430
5779,05843.png,1,0.92675787
5780,05844.png,18,0.97605860
5781,05845.png,3,0.91633451
5782,05846.png,18,0.95754683
5783,05847.png,2,0.88931155
5784,05848.png,9,0.92908663
5785,05849.png,4,0.89505535
5786,05850.png,31,0.92776120
5787,05852.png,35,0.93135297
5788,05853.png,2,0.85998410
5789,05855.png,10,0.91922879
5790,05856.png,8,0.93765545
5791,05857.png,38,0.89779568
5792,05858.png,5,0.93894953
5793,05859.png,5,0.93523407
5794,05860.png,10,0.88027614
5795,05861.png,9,0.90656662
5796,05862.png,12,0.91797358
5797,05863.png,38,0.88608176
5798,05864.png,3,0.92129737
5799,05865.png,3,0.94092965
5800,05867.png,13,0.89942235
5801,05868.png,9,0.91945195
5802,05869.png,12,0.89713269
5803,05871.png,18,0.91527599
5804,05872.png,12,0.92486417
5805,05873.png,22,0.93900758
5806,05874.png,4,0.89556366
5807,05875.png,35,0.93491811
5808,05876.png,4,0.93360269
5809,05877.png,5,0.91124094
5810,05878.png,18,0.94575101
5811,05879.png,38,0.92596799
5812,05880.png,14,0.95205599
5813,05881.png,38,0.92827916
5814,05882.png,38,0.89631170
5815,05884.png,11,0.89634901
5816,05885.png,13,0.91124767
5817,05886.png,35,0.93177807
5818,05887.png,13,0.92453688
5819,05888.png,5,0.93939418
5820,05889.png,38,0.91814733
5821,05890.png,5,0.69579297
5822,05891.png,7,0.94513851
5823,05892.png,38,0.31656587
5824,05893.png,18,0.90333927
5825,05894.png,11,0.91903001
5826,05895.png,27,0.70136505
5827,05896.png,1,0.83183199
5828,05897.png,13,0.89985621
5829,05898.png,10,0.90796286
5830,05899.png,14,0.94569504
5831,05901.png,4,0.91804975
5832,05902.png,1,0.59157825
5833,05903.png,11,0.92618811
5834,05904.png,4,0.93532467
5835,05905.png,10,0.90481806
5836,05906.png,4,0.93595195
5837,05907.png,38,0.87795877
5838,05908.png,4,0.91970438
5839,05909.png,2,0.91711843
5840,05910.png,2,0.91016960
5841,05911.png,10,0.87603831
5842,05912.png,5,0.91300213
5843,05913.png,33,0.92118973
5844,05914.png,1,0.89247555
5845,05915.png,31,0.30712199
5846,05916.png,7,0.93380612
5847,05917.png,15,0.94480884
5848,05918.png,15,0.85532898
5849,05919.png,9,0.92253864
5850,05920.png,4,0.92236936
5851,05921.png,35,0.94563085
5852,05922.png,31,0.93595135
5853,05923.png,13,0.90489566
5854,05925.png,12,0.93159586
5855,05926.png,5,0.92942059
5856,05927.png,29,0.97095519
5857,05928.png,2,0.86891896
5858,05929.png,3,0.90467215
5859,05930.png,35,0.93951970
5860,05931.png,17,0.95262998
5861,05932.png,7,0.94269818
5862,05933.png,2,0.87995124
5863,05934.png,12,0.89821321
5864,05935.png,35,0.92775583
5865,05936.png,8,0.93234497
5866,05937.png,10,0.91284794
5867,05938.png,38,0.61259621
5868,05939.png,35,0.93452793
5869,05940.png,1,0.88931543
5870,05941.png,35,0.93859863
5871,05942.png,7,0.93236685
5872,05943.png,2,0.89567268
5873,05944.png,25,0.93054682
5874,05945.png,0,0.82037282
5875,05946.png,2,0.90407354
5876,05947.png,1,0.86233264
5877,05948.png,4,0.91960710
5878,05949.png,36,0.97551608
5879,05950.png,29,0.96418387
5880,05951.png,8,0.91358763
5881,05952.png,7,0.94691730
5882,05953.png,35,0.93958759
5883,05954.png,10,0.91196728
5884,05955.png,1,0.90902382
5885,05956.png,13,0.91905469
5886,05957.png,4,0.93728513
5887,05958.png,10,0.89629495
5888,05959.png,5,0.95453757
5889,05960.png,12,0.91740054
5890,05961.png,7,0.93740410
5891,05963.png,3,0.90126765
5892,05964.png,1,0.87065881
5893,05965.png,1,0.91063112
5894,05966.png,41,0.96798563
5895,05967.png,19,0.99575680
5896,05968.png,8,0.93850327
5897,05969.png,13,0.90205884
5898,05970.png,10,0.88082331
5899,05971.png,1,0.89264715
5900,05972.png,38,0.69614488
5901,05973.png,13,0.90325582
5902,05974.png,11,0.91371268
5903,05975.png,2,0.88838601
5904,05976.png,2,0.89313674
5905,05977.png,7,0.92674261
5906,05978.png,10,0.87966686
5907,05979.png,14,0.92979050
5908,05980.png,10,0.90672928
5909,05981.png,39,0.99281424
5910,05982.png,9,0.92333883
5911,05983.png,25,0.93778521
5912,05984.png,3,0.90202367
5913,05986.png,17,0.93284887
5914,05987.png,13,0.92449397
5915,05988.png,2,0.91247994
5916,05989.png,3,0.90630317
5917,05990.png,17,0.93172914
5918,05991.png,2,0.88866073
5919,05992.png,40,0.92292184
5920,05993.png,1,0.88303322
5921,05994.png,10,0.91684449
5922,05995.png,5,0.92463225
5923,05996.png,32,0.98215127
5924,05997.png,8,0.93455690
5925,05998.png,12,0.91887224
5926,05999.png,42,0.96610296
5927,06000.png,1,0.87325245
5928,06001.png,35,0.93196929
5929,06002.png,0,0.95273608
5930,06003.png,1,0.89945519
5931,06005.png,2,0.77999318
5932,06006.png,2,0.82169348
5933,06007.png,29,0.98014933
5934,06008.png,13,0.93120009
5935,06009.png,3,0.90799707
5936,06010.png,36,0.97118068
5937,06011.png,15,0.93321544
5938,06012.png,4,0.91207159
5939,06014.png,5,0.94895118
5940,06015.png,5,0.92480475
5941,06016.png,8,0.91543180
5942,06017.png,8,0.94964379
5943,06018.png,5,0.92551112
5944,06019.png,4,0.90751374
5945,06020.png,2,0.92464584
5946,06021.png,10,0.87922692
5947,06022.png,25,0.94048434
5948,06023.png,4,0.91841614
5949,06024.png,25,0.95359504
5950,06025.png,32,0.97227669
5951,06026.png,13,0.92780697
5952,06029.png,25,0.92654818
5953,06030.png,15,0.92408520
5954,06031.png,25,0.94251662
5955,06032.png,18,0.93681347
5956,06034.png,9,0.93649209
5957,06035.png,7,0.94403988
5958,06036.png,1,0.90051615
5959,06037.png,13,0.90779877
5960,06038.png,27,0.95460176
5961,06039.png,1,0.90915495
5962,06040.png,4,0.91942888
5963,06042.png,25,0.94529283
5964,06043.png,35,0.94939840
5965,06044.png,10,0.92664063
5966,06045.png,4,0.96554404
5967,06046.png,7,0.92778862
5968,06047.png,10,0.90010554
5969,06048.png,12,0.90386397
5970,06049.png,12,0.94660574
5971,06050.png,18,0.91848582
5972,06052.png,12,0.92374825
5973,06053.png,25,0.94377965
5974,06054.png,11,0.89309525
5975,06055.png,35,0.94963431
5976,06056.png,12,0.89499879
5977,06057.png,35,0.58076352
5978,06058.png,4,0.92934346
5979,06059.png,10,0.88715887
5980,06060.png,2,0.91646242
5981,06061.png,7,0.93750930
5982,06062.png,40,0.90609336
5983,06063.png,11,0.90851659
5984,06064.png,38,0.89027733
5985,06065.png,13,0.91229719
5986,06066.png,12,0.64176238
5987,06067.png,13,0.92211103
5988,06068.png,36,0.98441535
5989,06069.png,5,0.92939866
5990,06070.png,35,0.94232082
5991,06071.png,15,0.89657313
5992,06072.png,11,0.93855935
5993,06073.png,13,0.92035228
5994,06074.png,13,0.91971648
5995,06075.png,36,0.96025115
5996,06076.png,5,0.92770571
5997,06077.png,33,0.90897799
5998,06078.png,8,0.94289088
5999,06080.png,13,0.92521763
6000,06081.png,1,0.91134477
6001,06082.png,3,0.92700231
6002,06083.png,38,0.87507087
6003,06084.png,17,0.95271564
6004,06086.png,5,0.92837447
6005,06087.png,25,0.88978535
6006,06088.png,5,0.93364918
6007,06089.png,10,0.91286641
6008,06091.png,10,0.88218731
6009,06092.png,7,0.93460959
6010,06093.png,2,0.90127307
6011,06094.png,12,0.90712732
6012,06095.png,5,0.91729635
6013,06096.png,3,0.91685438
6014,06097.png,2,0.92250872
6015,06099.png,20,0.90766883
6016,06100.png,9,0.91150868
6017,06101.png,4,0.91832882
6018,06102.png,22,0.93682003
6019,06103.png,9,0.92947960
6020,06104.png,4,0.92599928
6021,06105.png,38,0.62740183
6022,06106.png,5,0.93470073
6023,06107.png,9,0.93143356
6024,06108.png,27,0.97068137
6025,06109.png,8,0.91400182
6026,06110.png,8,0.94404942
6027,06111.png,41,0.98615646
6028,06112.png,12,0.91736764
6029,06113.png,11,0.93837994
6030,06114.png,3,0.90436161
6031,06115.png,5,0.91668600
6032,06116.png,0,0.88395768
6033,06117.png,25,0.94322568
6034,06118.png,5,0.93421656
6035,06119.png,36,0.96650887
6036,06120.png,2,0.91176289
6037,06121.png,13,0.92791373
6038,06123.png,17,0.90870094
6039,06124.png,3,0.91903138
6040,06125.png,13,0.85209042
6041,06126.png,2,0.90753824
6042,06129.png,38,0.70014608
6043,06130.png,5,0.91770625
6044,06131.png,1,0.60868710
6045,06132.png,15,0.92811018
6046,06133.png,17,0.93955982
6047,06134.png,15,0.92569059
6048,06135.png,2,0.88858992
6049,06136.png,42,0.91469866
6050,06137.png,2,0.89984530
6051,06138.png,17,0.81986427
6052,06140.png,25,0.92156416
6053,06142.png,38,0.92795098
6054,06143.png,11,0.76158148
6055,06144.png,12,0.93187588
6056,06147.png,25,0.94287521
6057,06148.png,12,0.90953672
6058,06149.png,31,0.37831262
6059,06150.png,3,0.94156271
6060,06151.png,13,0.90132517
6061,06152.png,1,0.90809780
6062,06153.png,13,0.90162390
6063,06154.png,17,0.93931866
6064,06155.png,11,0.53033239
6065,06156.png,18,0.93750381
6066,06158.png,10,0.90169632
6067,06159.png,18,0.94742221
6068,06160.png,10,0.87402767
6069,06162.png,8,0.91573763
6070,06163.png,2,0.93170255
6071,06164.png,13,0.88261306
6072,06165.png,36,0.96722621
6073,06166.png,36,0.96129584
6074,06167.png,18,0.94129527
6075,06168.png,8,0.93342006
6076,06169.png,24,0.99156451
6077,06170.png,10,0.90878046
6078,06171.png,14,0.95282179
6079,06172.png,10,0.90196466
6080,06173.png,7,0.93775821
6081,06174.png,38,0.90987784
6082,06175.png,2,0.92685533
6083,06176.png,35,0.94471741
6084,06177.png,5,0.72754520
6085,06178.png,4,0.92447829
6086,06179.png,13,0.91912967
6087,06181.png,12,0.92769760
6088,06182.png,4,0.88930011
6089,06183.png,40,0.54388636
6090,06185.png,8,0.94542748
6091,06186.png,17,0.95123625
6092,06187.png,5,0.93276846
6093,06188.png,17,0.93528974
6094,06189.png,7,0.92724884
6095,06190.png,21,0.98302495
6096,06191.png,3,0.92379713
6097,06192.png,21,0.98533708
6098,06193.png,10,0.89893192
6099,06194.png,9,0.90219277
6100,06195.png,3,0.92243630
6101,06196.png,12,0.91856205
6102,06197.png,36,0.97213882
6103,06198.png,17,0.93639529
6104,06201.png,12,0.91364372
6105,06202.png,13,0.93275404
6106,06203.png,14,0.95267022
6107,06204.png,1,0.91251242
6108,06205.png,2,0.86977232
6109,06207.png,9,0.92112553
6110,06209.png,9,0.90153766
6111,06210.png,19,0.99396122
6112,06211.png,13,0.90733176
6113,06213.png,4,0.92003322
6114,06214.png,4,0.92676479
6115,06215.png,10,0.93134910
6116,06216.png,35,0.92732275
6117,06217.png,22,0.96434748
6118,06218.png,4,0.92795843
6119,06221.png,2,0.47015515
6120,06222.png,4,0.89965516
6121,06223.png,29,0.97307372
6122,06224.png,38,0.89551008
6123,06225.png,13,0.91223389
6124,06226.png,25,0.92154658
6125,06227.png,12,0.91530758
6126,06228.png,13,0.81201339
6127,06229.png,12,0.93435764
6128,06230.png,7,0.93017143
6129,06231.png,8,0.92191875
6130,06232.png,13,0.89496166
6131,06233.png,38,0.91876972
6132,06234.png,5,0.91858852
6133,06235.png,14,0.94091582
6134,06236.png,10,0.90894973
6135,06237.png,33,0.95284289
6136,06238.png,25,0.93670422
6137,06239.png,18,0.93484050
6138,06240.png,33,0.92560041
6139,06241.png,18,0.93282336
6140,06242.png,2,0.90983188
6141,06243.png,38,0.91758531
6142,06245.png,9,0.88957304
6143,06246.png,2,0.85490566
6144,06247.png,1,0.89577204
6145,06248.png,3,0.92548043
6146,06249.png,10,0.89771891
6147,06250.png,1,0.90293348
6148,06251.png,17,0.93941343
6149,06252.png,38,0.91325063
6150,06253.png,4,0.98398143
6151,06254.png,1,0.89962113
6152,06256.png,13,0.89392364
6153,06257.png,5,0.92410284
6154,06259.png,4,0.93342370
6155,06260.png,5,0.90120113
6156,06261.png,41,0.95126063
6157,06262.png,4,0.93223590
6158,06263.png,3,0.90293330
6159,06264.png,21,0.97486973
6160,06265.png,38,0.89520586
6161,06266.png,18,0.94087827
6162,06267.png,40,0.90674943
6163,06268.png,35,0.95130903
6164,06270.png,35,0.96119499
6165,06271.png,12,0.91800153
6166,06272.png,8,0.93507046
6167,06273.png,8,0.90752935
6168,06275.png,38,0.90167671
6169,06276.png,35,0.95789516
6170,06277.png,35,0.93388736
6171,06278.png,25,0.92937320
6172,06279.png,29,0.96961927
6173,06280.png,38,0.90747982
6174,06281.png,15,0.88971317
6175,06282.png,7,0.94445395
6176,06283.png,4,0.93315738
6177,06284.png,10,0.93402445
6178,06285.png,21,0.98245758
6179,06286.png,1,0.89545697
6180,06287.png,12,0.90161091
6181,06288.png,32,0.97967649
6182,06289.png,33,0.90270835
6183,06290.png,1,0.87277192
6184,06291.png,8,0.86436552
6185,06293.png,38,0.91517186
6186,06294.png,11,0.93808192
6187,06295.png,40,0.82629794
6188,06297.png,5,0.91605693
6189,06298.png,25,0.92261660
6190,06299.png,1,0.89835441
6191,06300.png,3,0.91941124
6192,06301.png,2,0.92304724
6193,06302.png,35,0.95049542
6194,06304.png,38,0.84264594
6195,06305.png,33,0.96147907
6196,06306.png,1,0.87469286
6197,06307.png,15,0.93914056
6198,06308.png,2,0.89225686
6199,06309.png,11,0.90869105
6200,06311.png,31,0.95055449
6201,06312.png,2,0.89455700
6202,06313.png,4,0.92402780
6203,06314.png,35,0.94094127
6204,06315.png,7,0.92837119
6205,06316.png,1,0.91295278
6206,06317.png,17,0.94888550
6207,06318.png,38,0.91042274
6208,06319.png,38,0.92534000
6209,06320.png,2,0.89109820
6210,06321.png,42,0.95431703
6211,06322.png,12,0.92768025
6212,06323.png,3,0.91290498
6213,06325.png,31,0.95727319
6214,06326.png,3,0.92173827
6215,06327.png,31,0.93140179
6216,06328.png,8,0.94879746
6217,06329.png,7,0.91455656
6218,06330.png,12,0.88951850
6219,06331.png,10,0.90144652
6220,06333.png,0,0.95547867
6221,06335.png,10,0.91620880
6222,06337.png,21,0.97208965
6223,06339.png,8,0.90041620
6224,06340.png,9,0.94012845
6225,06341.png,25,0.86425745
6226,06342.png,14,0.94930494
6227,06343.png,5,0.89534175
6228,06344.png,10,0.87899429
6229,06345.png,9,0.92671150
6230,06346.png,8,0.94199693
6231,06347.png,7,0.93383104
6232,06348.png,31,0.93645841
6233,06349.png,40,0.87665826
6234,06350.png,10,0.89682835
6235,06351.png,13,0.91241622
6236,06353.png,25,0.91559339
6237,06354.png,5,0.90708363
6238,06355.png,17,0.96168762
6239,06357.png,1,0.87930393
6240,06358.png,14,0.96058434
6241,06359.png,4,0.92278659
6242,06360.png,36,0.96451348
6243,06361.png,1,0.91939867
6244,06362.png,15,0.76909864
6245,06363.png,5,0.94055587
6246,06364.png,38,0.92820108
6247,06365.png,38,0.91180164
6248,06366.png,40,0.92936021
6249,06367.png,4,0.93751538
6250,06368.png,14,0.96530426
6251,06369.png,25,0.77604485
6252,06370.png,35,0.94223446
6253,06371.png,17,0.93714136
6254,06372.png,5,0.95791847
6255,06373.png,11,0.89149076
6256,06374.png,13,0.90697217
6257,06375.png,36,0.96813184
6258,06376.png,38,0.90234113
6259,06377.png,13,0.90272856
6260,06378.png,38,0.87065107
6261,06380.png,38,0.90553045
6262,06381.png,4,0.92185760
6263,06382.png,10,0.90662855
6264,06383.png,8,0.92444843
6265,06384.png,4,0.91377109
6266,06385.png,25,0.92714566
6267,06386.png,12,0.89917147
6268,06387.png,2,0.88368839
6269,06388.png,13,0.90660173
6270,06389.png,10,0.88543093
6271,06390.png,1,0.91712707
6272,06391.png,25,0.90369016
6273,06392.png,33,0.92346650
6274,06393.png,18,0.91297472
6275,06394.png,3,0.92502534
6276,06395.png,19,0.99157363
6277,06396.png,10,0.88276315
6278,06397.png,5,0.92791402
6279,06398.png,1,0.89549971
6280,06399.png,35,0.93646282
6281,06400.png,25,0.92542791
6282,06401.png,4,0.94267517
6283,06402.png,20,0.97630697
6284,06403.png,3,0.90059292
6285,06404.png,7,0.93655020
6286,06405.png,10,0.74908739
6287,06406.png,17,0.92201400
6288,06407.png,8,0.93949854
6289,06408.png,4,0.94369006
6290,06409.png,2,0.83237129
6291,06410.png,10,0.89342749
6292,06411.png,38,0.93228394
6293,06412.png,15,0.94000947
6294,06413.png,38,0.90577000
6295,06414.png,31,0.95306063
6296,06415.png,38,0.89775389
6297,06416.png,10,0.90701783
6298,06417.png,8,0.94654536
6299,06419.png,11,0.93501610
6300,06420.png,11,0.91917759
6301,06421.png,0,0.90948457
6302,06422.png,31,0.92540717
6303,06423.png,5,0.90809190
6304,06424.png,4,0.91658551
6305,06425.png,35,0.93065864
6306,06426.png,17,0.92872673
6307,06427.png,1,0.45323959
6308,06428.png,7,0.94319326
6309,06429.png,1,0.90002537
6310,06430.png,1,0.91948009
6311,06431.png,1,0.89395314
6312,06433.png,2,0.90269291
6313,06434.png,31,0.93143159
6314,06435.png,5,0.93158281
6315,06436.png,33,0.97167552
6316,06437.png,31,0.94177061
6317,06438.png,8,0.93037409
6318,06439.png,9,0.54996550
6319,06440.png,1,0.92254299
6320,06441.png,37,0.97481722
6321,06442.png,31,0.93880379
6322,06443.png,9,0.91894650
6323,06444.png,10,0.92816228
6324,06445.png,11,0.92387342
6325,06446.png,1,0.88239610
6326,06447.png,17,0.93787926
6327,06448.png,7,0.94845927
6328,06449.png,4,0.91851526
6329,06450.png,7,0.94950122
6330,06451.png,2,0.47108221
6331,06452.png,13,0.88675255
6332,06453.png,1,0.92637885
6333,06454.png,1,0.90347457
6334,06455.png,1,0.89678782
6335,06457.png,25,0.93064809
6336,06459.png,14,0.95624220
6337,06460.png,12,0.92607850
6338,06461.png,4,0.91863084
6339,06462.png,31,0.92314881
6340,06463.png,9,0.91219479
6341,06464.png,31,0.92667717
6342,06465.png,8,0.91991478
6343,06466.png,2,0.92125225
6344,06467.png,5,0.90791649
6345,06468.png,13,0.92848939
6346,06469.png,4,0.92829794
6347,06470.png,35,0.96347523
6348,06473.png,15,0.92905009
6349,06474.png,35,0.94032621
6350,06475.png,4,0.91877532
6351,06477.png,31,0.93438220
6352,06478.png,35,0.40017062
6353,06479.png,17,0.92163903
6354,06480.png,22,0.94493949
6355,06481.png,13,0.90303379
6356,06482.png,1,0.87580627
6357,06483.png,11,0.93221009
6358,06484.png,1,0.88081497
6359,06485.png,38,0.91775006
6360,06486.png,9,0.93299091
6361,06488.png,1,0.91798264
6362,06489.png,15,0.93684715
6363,06490.png,22,0.93643636
6364,06492.png,33,0.93018901
6365,06493.png,2,0.88175410
6366,06494.png,2,0.89529026
6367,06495.png,11,0.94030219
6368,06497.png,38,0.91366065
6369,06498.png,5,0.87055349
6370,06499.png,4,0.92984563
6371,06500.png,35,0.91964370
6372,06502.png,4,0.91226023
6373,06503.png,33,0.96573055
6374,06504.png,11,0.93541950
6375,06505.png,9,0.91467780
6376,06506.png,20,0.98400348
6377,06507.png,17,0.95363343
6378,06508.png,11,0.92003512
6379,06509.png,27,0.93654186
6380,06510.png,11,0.93299526
6381,06511.png,18,0.92506462
6382,06512.png,29,0.95220435
6383,06513.png,38,0.89946502
6384,06514.png,12,0.92732716
6385,06515.png,38,0.89247900
6386,06516.png,40,0.96440727
6387,06517.png,9,0.93546891
6388,06518.png,0,0.92880571
6389,06519.png,1,0.88974148
6390,06520.png,13,0.91885614
6391,06522.png,14,0.94729674
6392,06523.png,12,0.90146387
6393,06524.png,31,0.93691629
6394,06525.png,3,0.90293038
6395,06526.png,12,0.90933353
6396,06527.png,38,0.90552521
6397,06528.png,24,0.99134070
6398,06530.png,23,0.77669227
6399,06531.png,4,0.92336696
6400,06532.png,18,0.95182437
6401,06533.png,10,0.89492089
6402,06534.png,11,0.94287437
6403,06535.png,2,0.73555678
6404,06536.png,2,0.87447011
6405,06537.png,38,0.94559431
6406,06538.png,13,0.93472928
6407,06539.png,35,0.94982344
6408,06540.png,2,0.90453035
6409,06542.png,17,0.93595761
6410,06543.png,38,0.91438615
6411,06544.png,41,0.96995866
6412,06545.png,8,0.94301522
6413,06546.png,33,0.92144918
6414,06547.png,22,0.94064158
6415,06548.png,12,0.91008681
6416,06549.png,38,0.92163324
6417,06550.png,18,0.96001565
6418,06551.png,2,0.88165492
6419,06552.png,31,0.94720548
6420,06553.png,5,0.93231958
6421,06554.png,35,0.94132251
6422,06555.png,7,0.94509423
6423,06556.png,5,0.92776060
6424,06557.png,8,0.90963721
6425,06558.png,10,0.91867632
6426,06559.png,4,0.92881280
6427,06560.png,33,0.97591692
6428,06561.png,17,0.94917852
6429,06562.png,35,0.93579710
6430,06563.png,5,0.92419261
6431,06564.png,14,0.92913079
6432,06565.png,9,0.92411250
6433,06566.png,4,0.93356550
6434,06567.png,5,0.93326378
6435,06568.png,25,0.91052306
6436,06571.png,13,0.93788642
6437,06572.png,9,0.93522757
6438,06573.png,13,0.92978710
6439,06574.png,2,0.92793268
6440,06575.png,2,0.91096032
6441,06576.png,38,0.91168088
6442,06577.png,1,0.89841270
6443,06578.png,9,0.93621141
6444,06579.png,11,0.93565005
6445,06580.png,8,0.95042342
6446,06581.png,13,0.93722498
6447,06582.png,10,0.93310618
6448,06583.png,7,0.93036032
6449,06584.png,15,0.91816562
6450,06585.png,10,0.92062885
6451,06586.png,2,0.88407934
6452,06587.png,11,0.90564215
6453,06588.png,5,0.63400352
6454,06589.png,17,0.94891697
6455,06590.png,11,0.93691534
6456,06591.png,10,0.89918679
6457,06592.png,3,0.91705966
6458,06593.png,9,0.91275287
6459,06594.png,10,0.89352810
6460,06595.png,7,0.91019219
6461,06596.png,5,0.92080235
6462,06597.png,4,0.92235607
6463,06598.png,5,0.93064070
6464,06599.png,8,0.93292999
6465,06600.png,5,0.95262247
6466,06601.png,8,0.93334019
6467,06604.png,33,0.92586762
6468,06605.png,2,0.84815609
6469,06606.png,35,0.94643366
6470,06607.png,5,0.93978643
6471,06608.png,10,0.90048033
6472,06609.png,12,0.92333281
6473,06610.png,12,0.89317524
6474,06611.png,22,0.95065993
6475,06612.png,27,0.64585167
6476,06613.png,5,0.66881669
6477,06614.png,5,0.70793146
6478,06615.png,9,0.65249103
6479,06616.png,42,0.94642526
6480,06617.png,33,0.95636868
6481,06618.png,10,0.88660198
6482,06619.png,8,0.95489496
6483,06620.png,9,0.92813402
6484,06621.png,12,0.90736753
6485,06622.png,38,0.90910488
6486,06623.png,22,0.97132236
6487,06624.png,2,0.89774179
6488,06625.png,38,0.90839410
6489,06626.png,38,0.87519908
6490,06627.png,1,0.90202218
6491,06628.png,12,0.90061080
6492,06629.png,7,0.93274796
6493,06630.png,18,0.92959887
6494,06631.png,1,0.87376028
6495,06632.png,24,0.87511992
6496,06633.png,19,0.99534577
6497,06634.png,13,0.89727616
6498,06636.png,18,0.95739990
6499,06637.png,13,0.87299371
6500,06638.png,5,0.91635901
6501,06639.png,0,0.97567743
6502,06640.png,10,0.89386201
6503,06641.png,20,0.97602934
6504,06642.png,11,0.90212786
6505,06643.png,11,0.89680910
6506,06645.png,21,0.97493988
6507,06646.png,18,0.89452177
6508,06647.png,35,0.94923961
6509,06648.png,38,0.91730589
6510,06649.png,4,0.93037963
6511,06650.png,10,0.90335941
6512,06652.png,38,0.89993727
6513,06653.png,18,0.91523844
6514,06654.png,2,0.87613791
6515,06655.png,9,0.90975124
6516,06656.png,25,0.92583424
6517,06657.png,33,0.91644645
6518,06659.png,25,0.91700602
6519,06660.png,12,0.89913493
6520,06661.png,12,0.91952038
6521,06662.png,2,0.88509458
6522,06663.png,9,0.92512143
6523,06664.png,4,0.94821918
6524,06666.png,11,0.93698692
6525,06667.png,4,0.92699915
6526,06668.png,42,0.97200567
6527,06670.png,4,0.93203771
6528,06671.png,12,0.91751385
6529,06672.png,3,0.89989239
6530,06673.png,9,0.93783271
6531,06674.png,38,0.90308583
6532,06675.png,37,0.99097955
6533,06676.png,12,0.94874662
6534,06677.png,25,0.93465137
6535,06678.png,33,0.92977852
6536,06679.png,25,0.93156081
6537,06680.png,10,0.90921593
6538,06681.png,9,0.93038994
6539,06682.png,13,0.93548614
6540,06683.png,38,0.91956574
6541,06684.png,11,0.94189286
6542,06685.png,1,0.87752491
6543,06686.png,9,0.93974137
6544,06687.png,20,0.98705310
6545,06688.png,38,0.90877753
6546,06689.png,37,0.99264562
6547,06690.png,18,0.94074696
6548,06691.png,10,0.91113245
6549,06692.png,42,0.97543746
6550,06693.png,41,0.98732543
6551,06694.png,17,0.96172005
6552,06695.png,33,0.93986541
6553,06696.png,37,0.98269331
6554,06697.png,25,0.93222117
6555,06699.png,38,0.91657388
6556,06700.png,2,0.88126278
6557,06701.png,15,0.93015701
6558,06702.png,20,0.51285851
6559,06703.png,3,0.91975147
6560,06704.png,33,0.83151168
6561,06705.png,10,0.90348434
6562,06706.png,9,0.91468710
6563,06707.png,1,0.91183782
6564,06708.png,42,0.77948213
6565,06709.png,25,0.90945154
6566,06710.png,12,0.92269957
6567,06711.png,8,0.93675268
6568,06712.png,38,0.91247422
6569,06713.png,4,0.90751153
6570,06714.png,17,0.93595999
6571,06716.png,13,0.91515976
6572,06717.png,18,0.95720589
6573,06718.png,18,0.92219424
6574,06719.png,14,0.93825293
6575,06720.png,10,0.90425169
6576,06721.png,1,0.89961410
6577,06722.png,5,0.92451602
6578,06724.png,12,0.89661604
6579,06725.png,12,0.91386288
6580,06727.png,2,0.87858421
6581,06728.png,13,0.93071741
6582,06729.png,37,0.98183239
6583,06730.png,10,0.90537721
6584,06733.png,2,0.90926468
6585,06734.png,2,0.90003502
6586,06735.png,12,0.88481528
6587,06736.png,10,0.90270537
6588,06737.png,1,0.65402102
6589,06738.png,25,0.94308096
6590,06739.png,25,0.64659142
6591,06740.png,18,0.92957145
6592,06741.png,2,0.88131750
6593,06742.png,9,0.94171923
6594,06743.png,13,0.90240133
6595,06745.png,18,0.93352687
6596,06746.png,12,0.91591650
6597,06748.png,13,0.88982511
6598,06749.png,25,0.90895152
6599,06750.png,4,0.91672242
6600,06752.png,10,0.90995586
6601,06753.png,1,0.91980088
6602,06754.png,12,0.93193895
6603,06755.png,10,0.93650693
6604,06756.png,25,0.92403561
6605,06757.png,3,0.91039819
6606,06758.png,29,0.97544163
6607,06759.png,1,0.92992604
6608,06760.png,2,0.90003335
6609,06762.png,9,0.89177459
6610,06763.png,7,0.90352422
6611,06764.png,10,0.91444337
6612,06765.png,10,0.89022422
6613,06766.png,31,0.65672094
6614,06767.png,8,0.93774110
6615,06768.png,24,0.98809600
6616,06769.png,10,0.91084653
6617,06770.png,25,0.89228845
6618,06771.png,13,0.87172121
6619,06772.png,4,0.92831337
6620,06773.png,13,0.90218496
6621,06774.png,25,0.92834079
6622,06775.png,12,0.94050258
6623,06776.png,3,0.89650577
6624,06777.png,4,0.92636085
6625,06778.png,39,0.98413485
6626,06779.png,14,0.91554964
6627,06780.png,10,0.88188154
6628,06781.png,38,0.89325827
6629,06782.png,3,0.91271687
6630,06783.png,33,0.93173981
6631,06784.png,12,0.91235262
6632,06785.png,14,0.94835043
6633,06786.png,31,0.93178844
6634,06787.png,24,0.79879874
6635,06789.png,8,0.96869040
6636,06790.png,25,0.93296784
6637,06791.png,24,0.98760706
6638,06792.png,31,0.95166272
6639,06793.png,2,0.89266580
6640,06794.png,2,0.88355929
6641,06795.png,4,0.93490970
6642,06796.png,14,0.95590472
6643,06797.png,1,0.88598961
6644,06798.png,2,0.92708296
6645,06799.png,31,0.94252932
6646,06800.png,37,0.98614734
6647,06801.png,17,0.94149381
6648,06802.png,25,0.93314677
6649,06803.png,1,0.93588042
6650,06804.png,9,0.90810812
6651,06805.png,22,0.94588715
6652,06806.png,38,0.87555999
6653,06807.png,12,0.90766162
6654,06808.png,38,0.86295599
6655,06809.png,9,0.93142468
6656,06810.png,13,0.95334852
6657,06811.png,1,0.86014950
6658,06812.png,5,0.92051470
6659,06814.png,38,0.92185426
6660,06815.png,1,0.93138474
6661,06817.png,5,0.92087400
6662,06818.png,17,0.94312823
6663,06820.png,9,0.89099592
6664,06821.png,9,0.91439742
6665,06823.png,2,0.89421892
6666,06824.png,4,0.94331753
6667,06825.png,1,0.93260413
6668,06826.png,25,0.93756175
6669,06828.png,5,0.90899241
6670,06829.png,3,0.92854220
6671,06830.png,12,0.89131564
6672,06831.png,1,0.91388750
6673,06832.png,5,0.92821133
6674,06833.png,2,0.88440120
6675,06834.png,12,0.92019117
6676,06835.png,38,0.91058165
6677,06837.png,1,0.90116376
6678,06838.png,18,0.88014925
6679,06839.png,38,0.90229481
6680,06840.png,2,0.89419228
6681,06841.png,2,0.91944015
6682,06842.png,12,0.91218632
6683,06843.png,17,0.93692124
6684,06844.png,33,0.94257784
6685,06845.png,1,0.90255201
6686,06847.png,1,0.88309324
6687,06848.png,17,0.95431983
6688,06849.png,5,0.93860400
6689,06850.png,9,0.87879187
6690,06852.png,38,0.92041260
6691,06853.png,3,0.91291404
6692,06854.png,0,0.87899756
6693,06855.png,1,0.90539110
6694,06856.png,12,0.91572493
6695,06857.png,2,0.87703633
6696,06858.png,18,0.94511998
6697,06859.png,25,0.95310634
6698,06860.png,13,0.92959732
6699,06862.png,39,0.96293783
6700,06864.png,5,0.91999066
6701,06866.png,3,0.93291974
6702,06867.png,12,0.90893960
6703,06868.png,31,0.95967728
6704,06869.png,2,0.56913102
6705,06873.png,5,0.94188017
6706,06874.png,3,0.95322835
6707,06875.png,38,0.89569533
6708,06876.png,12,0.91444647
6709,06877.png,2,0.90298009
6710,06878.png,31,0.59802133
6711,06879.png,14,0.92860729
6712,06880.png,2,0.88635314
6713,06882.png,9,0.93238914
6714,06883.png,5,0.92335701
6715,06884.png,31,0.92992747
6716,06885.png,12,0.94170159
6717,06886.png,1,0.86871946
6718,06887.png,38,0.91438091
6719,06888.png,7,0.94479018
6720,06889.png,9,0.92453527
6721,06890.png,11,0.91555709
6722,06891.png,12,0.91736317
6723,06892.png,25,0.90181518
6724,06893.png,25,0.94971335
6725,06894.png,40,0.94739771
6726,06896.png,4,0.91888362
6727,06897.png,18,0.94257224
6728,06898.png,18,0.93964404
6729,06899.png,32,0.97596562
6730,06901.png,23,0.90020210
6731,06902.png,1,0.89775062
6732,06903.png,1,0.91299528
6733,06904.png,12,0.92487317
6734,06905.png,2,0.92566639
6735,06906.png,4,0.93384165
6736,06907.png,5,0.92650676
6737,06908.png,11,0.91815776
6738,06909.png,12,0.95362705
6739,06910.png,7,0.91927373
6740,06911.png,10,0.91209364
6741,06912.png,5,0.96892369
6742,06914.png,3,0.89271253
6743,06915.png,10,0.89622033
6744,06916.png,33,0.93388230
6745,06918.png,13,0.91167670
6746,06919.png,1,0.77612734
6747,06920.png,24,0.98031402
6748,06923.png,7,0.90993738
6749,06924.png,2,0.90547454
6750,06925.png,5,0.92377114
6751,06926.png,2,0.88151634
6752,06927.png,5,0.92159456
6753,06928.png,2,0.89498085
6754,06929.png,13,0.91565114
6755,06930.png,7,0.89209992
6756,06931.png,33,0.91835809
6757,06933.png,5,0.92077023
6758,06934.png,13,0.91877651
6759,06935.png,4,0.92773229
6760,06936.png,1,0.83654773
6761,06937.png,10,0.90196884
6762,06938.png,18,0.93937266
6763,06939.png,42,0.83731294
6764,06940.png,38,0.91396743
6765,06941.png,25,0.92384768
6766,06942.png,5,0.93253589
6767,06943.png,11,0.94533926
6768,06944.png,7,0.90290511
6769,06945.png,2,0.89056063
6770,06946.png,0,0.91747344
6771,06947.png,12,0.91387010
6772,06948.png,42,0.95815831
6773,06949.png,1,0.90150356
6774,06950.png,9,0.92444426
6775,06953.png,13,0.92157835
6776,06954.png,31,0.94020653
6777,06955.png,8,0.94215375
6778,06956.png,38,0.90792316
6779,06957.png,3,0.92662346
6780,06958.png,39,0.99135673
6781,06959.png,9,0.91294014
6782,06961.png,11,0.93852705
6783,06962.png,38,0.92071778
6784,06963.png,8,0.93763888
6785,06964.png,18,0.92476344
6786,06965.png,8,0.93043888
6787,06967.png,25,0.94246072
6788,06968.png,18,0.95045173
6789,06970.png,10,0.88606220
6790,06971.png,38,0.90898645
6791,06973.png,1,0.89749593
6792,06975.png,12,0.92292184
6793,06976.png,38,0.92286688
6794,06978.png,12,0.91377687
6795,06979.png,14,0.93243295
6796,06980.png,23,0.73995769
6797,06982.png,18,0.95384520
6798,06983.png,5,0.92783177
6799,06984.png,5,0.90378469
6800,06985.png,14,0.93873078
6801,06986.png,29,0.97622824
6802,06988.png,2,0.91011983
6803,06989.png,1,0.91307914
6804,06990.png,2,0.93337697
6805,06991.png,25,0.91396159
6806,06993.png,5,0.92480922
6807,06994.png,13,0.91645300
6808,06996.png,18,0.95250612
6809,06997.png,11,0.95394683
6810,06998.png,8,0.95192868
6811,06999.png,15,0.89592916
6812,07000.png,9,0.89981699
6813,07001.png,8,0.93633080
6814,07002.png,12,0.91640615
6815,07003.png,7,0.90356529
6816,07005.png,42,0.85663581
6817,07006.png,2,0.88314033
6818,07010.png,19,0.98364323
6819,07011.png,10,0.89138609
6820,07012.png,12,0.93012059
6821,07013.png,4,0.91771060
6822,07015.png,38,0.90122259
6823,07017.png,4,0.91969377
6824,07018.png,9,0.94359314
6825,07019.png,8,0.92653960
6826,07021.png,4,0.93075407
6827,07022.png,9,0.94500488
6828,07023.png,10,0.90024328
6829,07024.png,10,0.84698439
6830,07025.png,10,0.90852356
6831,07027.png,24,0.98873442
6832,07029.png,7,0.93689650
6833,07030.png,25,0.93332726
6834,07031.png,13,0.92469883
6835,07032.png,4,0.92728043
6836,07033.png,5,0.64592165
6837,07034.png,31,0.94355971
6838,07036.png,12,0.92830944
6839,07037.png,8,0.89748955
6840,07038.png,7,0.93299472
6841,07039.png,7,0.93316454
6842,07040.png,3,0.90667206
6843,07041.png,31,0.94901949
6844,07042.png,12,0.91713917
6845,07043.png,13,0.92122537
6846,07044.png,11,0.93454772
6847,07045.png,7,0.93918020
6848,07046.png,13,0.90744030
6849,07047.png,3,0.91385132
6850,07048.png,31,0.96247965
6851,07049.png,24,0.95854533
6852,07050.png,10,0.93280828
6853,07051.png,38,0.85145336
6854,07052.png,38,0.89815348
6855,07053.png,42,0.97243190
6856,07055.png,10,0.90945220
6857,07056.png,7,0.92358637
6858,07057.png,5,0.93810046
6859,07058.png,33,0.94828922
6860,07059.png,8,0.90774417
6861,07061.png,7,0.94959778
6862,07062.png,14,0.93643290
6863,07063.png,33,0.94231504
6864,07064.png,11,0.93603468
6865,07067.png,2,0.89522213
6866,07068.png,31,0.94331521
6867,07069.png,3,0.92250711
6868,07070.png,33,0.96522593
6869,07071.png,3,0.91613817
6870,07073.png,27,0.87341666
6871,07074.png,13,0.90754461
6872,07075.png,38,0.91235250
6873,07076.png,13,0.91602492
6874,07077.png,42,0.97592211
6875,07078.png,10,0.90065634
6876,07079.png,5,0.91111249
6877,07082.png,9,0.93371522
6878,07083.png,4,0.92133117
6879,07084.png,8,0.92324114
6880,07085.png,42,0.96078378
6881,07086.png,5,0.92915642
6882,07087.png,5,0.86751205
6883,07088.png,25,0.93469000
6884,07089.png,19,0.98697323
6885,07091.png,31,0.94816947
6886,07092.png,11,0.90494436
6887,07093.png,4,0.93197238
6888,07094.png,7,0.94333631
6889,07095.png,10,0.90770525
6890,07096.png,24,0.94170189
6891,07097.png,8,0.74262047
6892,07098.png,23,0.84086084
6893,07099.png,11,0.92832220
6894,07100.png,11,0.91378206
6895,07101.png,3,0.93111944
6896,07102.png,10,0.91623861
6897,07103.png,4,0.91909295
6898,07104.png,38,0.90055901
6899,07107.png,12,0.93723232
6900,07108.png,11,0.91299063
6901,07109.png,5,0.93460459
6902,07110.png,3,0.90947598
6903,07111.png,10,0.90625715
6904,07112.png,9,0.91918629
6905,07117.png,12,0.92045033
6906,07118.png,31,0.93972188
6907,07119.png,3,0.92734420
6908,07120.png,10,0.91459614
6909,07121.png,5,0.92672294
6910,07122.png,41,0.94922489
6911,07123.png,8,0.94919622
6912,07125.png,25,0.91971940
6913,07129.png,37,0.98412859
6914,07131.png,9,0.95654404
6915,07132.png,5,0.93417227
6916,07133.png,25,0.93800473
6917,07134.png,12,0.91765326
6918,07135.png,7,0.89771318
6919,07136.png,38,0.91788471
6920,07137.png,2,0.90237498
6921,07138.png,13,0.91388899
6922,07140.png,12,0.92223489
6923,07141.png,4,0.91744882
6924,07143.png,33,0.91001052
6925,07144.png,7,0.90717596
6926,07145.png,3,0.89862943
6927,07146.png,40,0.95783687
6928,07147.png,31,0.90390575
6929,07148.png,33,0.96843362
6930,07150.png,12,0.89871925
6931,07151.png,7,0.93247920
6932,07152.png,12,0.91466790
6933,07153.png,2,0.75124633
6934,07154.png,3,0.89354086
6935,07155.png,5,0.91884708
6936,07156.png,12,0.88630074
6937,07157.png,8,0.90704226
6938,07159.png,8,0.91460681
6939,07160.png,7,0.91874552
6940,07161.png,2,0.89256233
6941,07162.png,7,0.94461709
6942,07163.png,3,0.92429352
6943,07165.png,11,0.92618752
6944,07166.png,4,0.91434759
6945,07167.png,41,0.64290857
6946,07168.png,15,0.95044720
6947,07169.png,2,0.90255803
6948,07172.png,12,0.91333663
6949,07173.png,4,0.93175477
6950,07176.png,10,0.86666840
6951,07179.png,2,0.92095834
6952,07180.png,14,0.94209659
6953,07181.png,22,0.94810665
6954,07182.png,38,0.89986724
6955,07184.png,4,0.89685971
6956,07185.png,29,0.97385967
6957,07186.png,4,0.89487094
6958,07188.png,5,0.90335870
6959,07189.png,11,0.92976928
6960,07190.png,11,0.93314171
6961,07191.png,12,0.90993834
6962,07193.png,12,0.91484267
6963,07194.png,25,0.94173533
6964,07195.png,4,0.92632967
6965,07197.png,38,0.90554065
6966,07198.png,13,0.92810374
6967,07199.png,10,0.89817059
6968,07200.png,33,0.92481464
6969,07201.png,9,0.93116164
6970,07202.png,2,0.89927250
6971,07205.png,8,0.93117619
6972,07207.png,38,0.91096705
6973,07208.png,2,0.91709816
6974,07209.png,10,0.91889137
6975,07210.png,2,0.89301807
6976,07212.png,8,0.93595320
6977,07213.png,7,0.91408598
6978,07214.png,7,0.91755146
6979,07215.png,14,0.94898713
6980,07216.png,3,0.89886558
6981,07217.png,32,0.98077101
6982,07218.png,11,0.92698467
6983,07220.png,9,0.91982299
6984,07221.png,15,0.89049053
6985,07224.png,4,0.93711883
6986,07225.png,27,0.82147557
6987,07226.png,38,0.53066778
6988,07227.png,11,0.89805615
6989,07228.png,13,0.88114184
6990,07230.png,11,0.92108363
6991,07231.png,22,0.96840203
6992,07232.png,10,0.89678627
6993,07233.png,5,0.94045192
6994,07236.png,38,0.90767783
6995,07237.png,12,0.91271693
6996,07239.png,13,0.83406657
6997,07240.png,12,0.91524613
6998,07241.png,9,0.91219902
6999,07243.png,41,0.98593092
7000,07244.png,13,0.87967324
7001,07245.png,11,0.94589913
7002,07248.png,33,0.92266774
7003,07249.png,4,0.92198420
7004,07250.png,3,0.89633858
7005,07251.png,15,0.93664527
7006,07253.png,4,0.90571117
7007,07254.png,38,0.89703733
7008,07258.png,42,0.96937859
7009,07259.png,5,0.93100643
7010,07260.png,5,0.89481109
7011,07261.png,31,0.92758554
7012,07263.png,5,0.93697679
7013,07265.png,12,0.92478067
7014,07267.png,40,0.86631030
7015,07269.png,8,0.93790454
7016,07272.png,10,0.87359637
7017,07273.png,12,0.93159318
7018,07274.png,14,0.95096451
7019,07275.png,42,0.96586686
7020,07276.png,10,0.92046064
7021,07278.png,5,0.90649337
7022,07279.png,12,0.29948273
7023,07280.png,4,0.92350829
7024,07284.png,25,0.91225928
7025,07285.png,12,0.89085644
7026,07287.png,8,0.92984861
7027,07288.png,5,0.94539970
7028,07290.png,25,0.91004783
7029,07291.png,5,0.93812102
7030,07293.png,32,0.97264636
7031,07294.png,14,0.95184660
7032,07297.png,9,0.91534179
7033,07299.png,7,0.90799695
7034,07301.png,3,0.93063718
7035,07302.png,11,0.93674052
7036,07304.png,41,0.96854961
7037,07305.png,42,0.95906126
7038,07308.png,10,0.89327121
7039,07310.png,14,0.95282602
7040,07311.png,38,0.89010739
7041,07312.png,7,0.92929208
7042,07317.png,8,0.94524628
7043,07318.png,3,0.89457768
7044,07319.png,3,0.90857857
7045,07320.png,32,0.97805423
7046,07321.png,38,0.91072559
7047,07323.png,5,0.94669706
7048,07325.png,13,0.87839472
7049,07326.png,8,0.94279891
7050,07327.png,8,0.94035566
7051,07328.png,4,0.93495280
7052,07330.png,8,0.87016267
7053,07333.png,4,0.93019909
7054,07335.png,38,0.91853178
7055,07336.png,9,0.73877478
7056,07337.png,9,0.90854710
7057,07338.png,3,0.91958690
7058,07339.png,10,0.89382845
7059,07340.png,29,0.95629835
7060,07341.png,33,0.93064427
7061,07342.png,7,0.93822479
7062,07344.png,9,0.93219692
7063,07347.png,31,0.93442249
7064,07348.png,39,0.99530244
7065,07349.png,9,0.90965742
7066,07350.png,15,0.94873667
7067,07352.png,5,0.93379217
7068,07353.png,38,0.84252822
7069,07356.png,38,0.90201658
7070,07357.png,11,0.93141866
7071,07361.png,38,0.89859962
7072,07363.png,8,0.90454322
7073,07365.png,5,0.92166036
7074,07366.png,14,0.92658472
7075,07369.png,13,0.88399613
7076,07370.png,38,0.78046733
7077,07371.png,4,0.91348326
7078,07372.png,31,0.93890446
7079,07375.png,31,0.94218707
7080,07377.png,5,0.93685341
7081,07378.png,33,0.94902486
7082,07379.png,5,0.93356657
7083,07380.png,3,0.91051078
7084,07381.png,38,0.90390098
7085,07382.png,13,0.92356020
7086,07384.png,13,0.91760129
7087,07385.png,14,0.95607787
7088,07386.png,13,0.91821373
7089,07389.png,31,0.93022829
7090,07390.png,11,0.94370860
7091,07392.png,15,0.94237411
7092,07393.png,10,0.90928668
7093,07395.png,19,0.98867458
7094,07398.png,7,0.93302476
7095,07399.png,32,0.97732621
7096,07401.png,10,0.90000886
7097,07402.png,25,0.94779837
7098,07403.png,9,0.94176185
7099,07405.png,13,0.91667116
7100,07406.png,21,0.98555923
7101,07407.png,10,0.90235901
7102,07411.png,37,0.97947729
7103,07412.png,25,0.91814750
7104,07413.png,5,0.91173834
7105,07419.png,7,0.94470245
7106,07421.png,8,0.69329178
7107,07423.png,3,0.90930539
7108,07426.png,8,0.93154383
7109,07428.png,31,0.92357194
7110,07433.png,13,0.91693610
7111,07435.png,11,0.91893977
7112,07436.png,8,0.95281315
7113,07438.png,8,0.90960163
7114,07440.png,3,0.90641361
7115,07441.png,8,0.93497062
7116,07444.png,25,0.91919422
7117,07445.png,25,0.93258649
7118,07447.png,8,0.92310989
7119,07450.png,9,0.91742325
7120,07451.png,7,0.92753005
7121,07452.png,25,0.93717456
7122,07453.png,7,0.90860868
7123,07454.png,42,0.96965045
7124,07456.png,4,0.92304152
7125,07457.png,14,0.93759489
7126,07458.png,14,0.93558681
7127,07459.png,5,0.92634410
7128,07460.png,41,0.94104970
7129,07462.png,15,0.94890952
7130,07463.png,7,0.93866700
7131,07464.png,8,0.93557608
7132,07465.png,14,0.94700938
7133,07466.png,9,0.92339200
7134,07467.png,20,0.77583182
7135,07468.png,3,0.94253951
7136,07470.png,3,0.93541217
7137,07471.png,38,0.90865010
7138,07472.png,13,0.90541828
7139,07473.png,3,0.89929926
7140,07475.png,10,0.92295372
7141,07476.png,33,0.93576902
7142,07477.png,7,0.93229014
7143,07480.png,31,0.95530033
7144,07481.png,33,0.95034987
7145,07482.png,8,0.92305189
7146,07484.png,9,0.92534482
7147,07485.png,21,0.97784048
7148,07486.png,13,0.90115994
7149,07488.png,8,0.93788493
7150,07489.png,33,0.92049229
7151,07490.png,14,0.95426589
7152,07492.png,10,0.89920706
7153,07494.png,5,0.92976940
7154,07496.png,13,0.92610323
7155,07498.png,37,0.97033215
7156,07499.png,4,0.91886830
7157,07501.png,3,0.90055168
7158,07502.png,8,0.93789595
7159,07503.png,38,0.87952596
7160,07504.png,42,0.95703334
7161,07505.png,29,0.97379106
7162,07510.png,5,0.92405987
7163,07512.png,38,0.91034186
7164,07513.png,8,0.94803679
7165,07514.png,38,0.91403359
7166,07515.png,13,0.94636983
7167,07522.png,11,0.92634594
7168,07523.png,10,0.91054767
7169,07524.png,25,0.91673815
7170,07526.png,5,0.88211197
7171,07527.png,29,0.97141653
7172,07528.png,31,0.94234848
7173,07529.png,14,0.94159484
7174,07531.png,38,0.90785694
7175,07532.png,3,0.91791070
7176,07534.png,14,0.92677587
7177,07535.png,11,0.93704474
7178,07536.png,25,0.93632096
7179,07537.png,38,0.89480126
7180,07538.png,8,0.93151599
7181,07540.png,39,0.99539244
7182,07543.png,4,0.91102213
7183,07544.png,4,0.92642939
7184,07547.png,4,0.91357893
7185,07549.png,25,0.93982571
7186,07551.png,5,0.93974519
7187,07553.png,27,0.97748303
7188,07556.png,38,0.91395342
7189,07557.png,11,0.94729680
7190,07558.png,4,0.92612219
7191,07560.png,9,0.92572111
7192,07561.png,4,0.92667705
7193,07563.png,25,0.93645078
7194,07564.png,4,0.91955256
7195,07567.png,13,0.91694891
7196,07571.png,21,0.93786472
7197,07573.png,10,0.89257395
7198,07574.png,5,0.86517495
7199,07575.png,42,0.96143830
7200,07576.png,13,0.89715439
7201,07577.png,4,0.92585915
7202,07580.png,3,0.94608200
7203,07581.png,13,0.92102349
7204,07582.png,19,0.98506653
7205,07584.png,3,0.91497511
7206,07585.png,4,0.92722660
7207,07587.png,5,0.93963283
7208,07588.png,31,0.92667472
7209,07589.png,13,0.91949236
7210,07590.png,25,0.89960200
7211,07594.png,39,0.99358279
7212,07595.png,38,0.88062656
7213,07597.png,31,0.93394136
7214,07598.png,38,0.91245455
7215,07599.png,38,0.84769017
7216,07600.png,3,0.91614258
7217,07601.png,13,0.90653038
7218,07604.png,10,0.91940033
7219,07605.png,11,0.92028826
7220,07606.png,38,0.90701944
7221,07607.png,7,0.90297532
7222,07609.png,33,0.94264060
7223,07610.png,10,0.89486587
7224,07613.png,3,0.92278689
7225,07614.png,3,0.91137302
7226,07615.png,13,0.92628551
7227,07618.png,31,0.93938041
7228,07619.png,38,0.91564155
7229,07622.png,9,0.92918134
7230,07624.png,8,0.95036513
7231,07625.png,31,0.94839180
7232,07626.png,3,0.92392308
7233,07627.png,31,0.92960316
7234,07628.png,33,0.96435148
7235,07633.png,11,0.57719189
7236,07634.png,4,0.91871554
7237,07636.png,38,0.91792458
7238,07641.png,9,0.92750967
7239,07642.png,10,0.92067915
7240,07643.png,4,0.92240757
7241,07645.png,25,0.92074203
7242,07646.png,31,0.93233806
7243,07647.png,25,0.93749398
7244,07649.png,13,0.90381849
7245,07651.png,3,0.89894176
7246,07652.png,31,0.93645644
7247,07653.png,33,0.94322455
7248,07656.png,15,0.95400590
7249,07657.png,4,0.84921718
7250,07659.png,8,0.92726803
7251,07660.png,38,0.92126125
7252,07661.png,33,0.90898246
7253,07662.png,31,0.94395757
7254,07663.png,38,0.90746170
7255,07667.png,31,0.95570260
7256,07668.png,10,0.89936507
7257,07670.png,5,0.90513343
7258,07671.png,5,0.91399127
7259,07672.png,4,0.94976354
7260,07673.png,38,0.91981047
7261,07675.png,7,0.94956487
7262,07676.png,21,0.98178262
7263,07677.png,31,0.91941798
7264,07679.png,8,0.93589723
7265,07680.png,25,0.91383809
7266,07681.png,4,0.92256618
7267,07683.png,7,0.92984396
7268,07690.png,7,0.93597913
7269,07692.png,25,0.93067312
7270,07697.png,29,0.96209288
7271,07698.png,8,0.94815844
7272,07699.png,9,0.94473189
7273,07701.png,5,0.93285757
7274,07704.png,10,0.89798397
7275,07707.png,4,0.93437976
7276,07709.png,4,0.92304558
7277,07710.png,25,0.93799120
7278,07711.png,7,0.92549163
7279,07712.png,0,0.91732955
7280,07714.png,25,0.89627033
7281,07715.png,20,0.95941472
7282,07717.png,11,0.92981392
7283,07718.png,9,0.88854927
7284,07719.png,5,0.91747689
7285,07720.png,27,0.92459762
7286,07722.png,4,0.93074685
7287,07723.png,5,0.91782576
7288,07726.png,4,0.90245551
7289,07728.png,9,0.90871233
7290,07729.png,3,0.91506022
7291,07730.png,5,0.90345961
7292,07733.png,11,0.93040234
7293,07735.png,10,0.90961707
7294,07737.png,20,0.94875610
7295,07741.png,20,0.97589797
7296,07742.png,25,0.91317904
7297,07744.png,5,0.93464094
7298,07746.png,8,0.96369451
7299,07748.png,11,0.91943532
7300,07749.png,7,0.94008923
7301,07750.png,3,0.91301429
7302,07751.png,10,0.93209046
7303,07752.png,10,0.89068723
7304,07755.png,7,0.92752051
7305,07756.png,8,0.92977989
7306,07761.png,9,0.94431031
7307,07762.png,4,0.91903192
7308,07763.png,39,0.99504566
7309,07764.png,10,0.90238625
7310,07770.png,9,0.91839790
7311,07771.png,8,0.93263346
7312,07773.png,11,0.88695288
7313,07774.png,3,0.90714633
7314,07777.png,8,0.93931258
7315,07778.png,7,0.93616223
7316,07782.png,8,0.92395484
7317,07785.png,33,0.93232220
7318,07786.png,31,0.94399589
7319,07787.png,9,0.91439885
7320,07791.png,9,0.90715772
7321,07795.png,4,0.93281019
7322,07796.png,8,0.93751943
7323,07798.png,37,0.98705429
7324,07799.png,8,0.91990072
7325,07803.png,11,0.93534762
7326,07808.png,8,0.93765229
7327,07809.png,31,0.95424378
7328,07810.png,7,0.95773953
7329,07812.png,5,0.44272602
7330,07813.png,7,0.92192382
7331,07814.png,31,0.90918833
7332,07815.png,9,0.87806052
7333,07816.png,10,0.91094935
7334,07818.png,8,0.93204707
7335,07820.png,10,0.89420646
7336,07821.png,5,0.93076956
7337,07822.png,5,0.93863380
7338,07823.png,25,0.92398554
7339,07824.png,24,0.98855907
7340,07825.png,14,0.93600744
7341,07829.png,4,0.92050481
7342,07831.png,4,0.93063378
7343,07832.png,7,0.95007485
7344,07833.png,39,0.98801172
7345,07835.png,5,0.95109892
7346,07837.png,3,0.89897788
7347,07839.png,31,0.93685406
7348,07840.png,25,0.91420752
7349,07841.png,3,0.90756029
7350,07842.png,5,0.93285346
7351,07843.png,10,0.91371518
7352,07845.png,42,0.97594494
7353,07846.png,7,0.92769849
7354,07847.png,25,0.92234236
7355,07849.png,8,0.92476010
7356,07851.png,3,0.46476704
7357,07858.png,33,0.93433487
7358,07860.png,4,0.91983044
7359,07861.png,5,0.50664514
7360,07862.png,5,0.89665133
7361,07863.png,11,0.93273133
7362,07864.png,25,0.93924159
7363,07865.png,10,0.91312867
7364,07866.png,7,0.95107728
7365,07867.png,4,0.90796906
7366,07870.png,8,0.95227635
7367,07871.png,4,0.92005402
7368,07874.png,14,0.94566208
7369,07877.png,37,0.98642761
7370,07879.png,5,0.93770522
7371,07885.png,19,0.88615012
7372,07888.png,14,0.95753258
7373,07892.png,25,0.93123847
7374,07896.png,3,0.46061805
7375,07897.png,25,0.92762667
7376,07898.png,5,0.92715508
7377,07901.png,4,0.93031567
7378,07902.png,4,0.93192208
7379,07905.png,3,0.92324960
7380,07906.png,5,0.91553712
7381,07910.png,21,0.94848502
7382,07914.png,4,0.92967862
7383,07919.png,31,0.92799890
7384,07920.png,11,0.92570704
7385,07922.png,14,0.94143009
7386,07923.png,32,0.97323090
7387,07925.png,37,0.98465884
7388,07926.png,5,0.90650117
7389,07929.png,15,0.94577211
7390,07931.png,25,0.94999892
7391,07932.png,5,0.93859184
7392,07934.png,25,0.92020398
7393,07937.png,5,0.91241705
7394,07938.png,33,0.96776116
7395,07942.png,15,0.93157619
7396,07944.png,7,0.93610615
7397,07949.png,42,0.97030860
7398,07950.png,11,0.93439037
7399,07955.png,37,0.99072415
7400,07957.png,8,0.60167927
7401,07958.png,7,0.93374747
7402,07959.png,5,0.89433056
7403,07961.png,14,0.97102135
7404,07962.png,3,0.93045789
7405,07965.png,15,0.91348940
7406,07966.png,25,0.91901046
7407,07967.png,8,0.94921017
7408,07968.png,3,0.90290219
7409,07970.png,9,0.95493919
7410,07972.png,3,0.90338880
7411,07975.png,4,0.91065574
7412,07976.png,9,0.93083823
7413,07981.png,25,0.94189572
7414,07985.png,24,0.99135286
7415,07986.png,5,0.92399788
7416,07987.png,19,0.98599482
7417,07990.png,7,0.92880279
7418,07991.png,11,0.95134938
7419,07992.png,11,0.90896600
7420,07993.png,11,0.94587052
7421,07994.png,3,0.93080992
7422,07998.png,4,0.92336106
7423,08000.png,32,0.97188944
7424,08001.png,5,0.89522237
7425,08002.png,4,0.90448332
7426,08004.png,7,0.90882301
7427,08006.png,19,0.92563480
7428,08009.png,21,0.98069477
7429,08012.png,25,0.93195438
7430,08013.png,21,0.98008162
7431,08014.png,4,0.93055034
7432,08016.png,7,0.94087654
7433,08022.png,7,0.89173895
7434,08023.png,9,0.91648257
7435,08028.png,3,0.92329621
7436,08032.png,7,0.92936116
7437,08033.png,9,0.92741781
7438,08034.png,9,0.94339299
7439,08035.png,9,0.91419327
7440,08036.png,21,0.97730368
7441,08038.png,31,0.93748707
7442,08042.png,27,0.94914895
7443,08043.png,31,0.95649123
7444,08044.png,25,0.58237141
7445,08046.png,11,0.95736772
7446,08047.png,24,0.80289280
7447,08048.png,8,0.94534016
7448,08050.png,9,0.91765445
7449,08051.png,3,0.95909047
7450,08056.png,39,0.99271810
7451,08066.png,9,0.93957305
7452,08076.png,24,0.99391079
7453,08077.png,3,0.88196915
7454,08081.png,9,0.92374432
7455,08082.png,8,0.93368989
7456,08085.png,7,0.95319003
7457,08086.png,9,0.93174732
7458,08087.png,9,0.92945445
7459,08090.png,33,0.96080172
7460,08093.png,5,0.90876245
7461,08094.png,5,0.93975961
7462,08095.png,3,0.91732264
7463,08102.png,11,0.93751234
7464,08104.png,32,0.97740012
7465,08108.png,11,0.92594808
7466,08110.png,4,0.91179490
7467,08117.png,4,0.90883845
7468,08118.png,21,0.98059434
7469,08120.png,3,0.91109365
7470,08128.png,7,0.94879693
7471,08130.png,25,0.92347211
7472,08132.png,8,0.93925053
7473,08133.png,27,0.93863541
7474,08134.png,4,0.93421805
7475,08135.png,41,0.95694691
7476,08136.png,7,0.92750841
7477,08137.png,3,0.92920643
7478,08138.png,15,0.93723822
7479,08139.png,9,0.93278986
7480,08141.png,7,0.94822764
7481,08142.png,32,0.97986507
7482,08143.png,14,0.94506991
7483,08145.png,9,0.93626690
7484,08152.png,7,0.94589645
7485,08155.png,8,0.93011111
7486,08156.png,3,0.90709549
7487,08157.png,11,0.91080272
7488,08158.png,7,0.92704523
7489,08160.png,5,0.92439854
7490,08161.png,4,0.91418058
7491,08162.png,33,0.94936985
7492,08165.png,4,0.91725409
7493,08166.png,25,0.90739948
7494,08167.png,25,0.94643313
7495,08168.png,37,0.98613679
7496,08171.png,15,0.92153257
7497,08173.png,11,0.87780911
7498,08174.png,5,0.91698235
7499,08184.png,19,0.98996067
7500,08190.png,5,0.91727144
7501,08191.png,5,0.92416316
7502,08192.png,9,0.90457851
7503,08196.png,3,0.92476624
7504,08198.png,3,0.94115216
7505,08200.png,4,0.95715457
7506,08205.png,42,0.85771650
7507,08207.png,7,0.92397088
7508,08209.png,3,0.92921716
7509,08210.png,19,0.99380773
7510,08214.png,9,0.92686087
7511,08217.png,33,0.93983310
7512,08218.png,15,0.94343382
7513,08224.png,4,0.92618251
7514,08226.png,31,0.92227829
7515,08228.png,31,0.93822998
7516,08233.png,9,0.93233532
7517,08235.png,31,0.93768376
7518,08239.png,8,0.94063634
7519,08243.png,7,0.86400294
7520,08246.png,7,0.92572337
7521,08249.png,8,0.92845887
7522,08251.png,9,0.93103182
7523,08252.png,9,0.92697525
7524,08254.png,41,0.98921436
7525,08258.png,33,0.92397088
7526,08265.png,11,0.93211377
7527,08267.png,7,0.93066174
7528,08269.png,14,0.93356436
7529,08271.png,8,0.89574051
7530,08273.png,7,0.91756129
7531,08274.png,9,0.89148581
7532,08275.png,11,0.91287738
7533,08278.png,8,0.58044201
7534,08281.png,3,0.92467302
7535,08283.png,31,0.94459522
7536,08290.png,14,0.94517386
7537,08296.png,11,0.91571933
7538,08297.png,11,0.92615867
7539,08299.png,21,0.97852361
7540,08301.png,25,0.93547726
7541,08310.png,3,0.92128313
7542,08317.png,11,0.94594496
7543,08318.png,9,0.91912699
7544,08321.png,3,0.91444927
7545,08326.png,25,0.93351036
7546,08328.png,15,0.77458030
7547,08332.png,31,0.93019950
7548,08337.png,39,0.98947096
7549,08339.png,11,0.94205689
7550,08340.png,31,0.93606591
7551,08343.png,25,0.95081651
7552,08345.png,7,0.94190955
7553,08350.png,9,0.92343771
7554,08352.png,21,0.96242344
7555,08355.png,31,0.94502938
7556,08356.png,9,0.90695596
7557,08357.png,33,0.95616513
7558,08358.png,31,0.95327312
7559,08361.png,20,0.55944318
7560,08362.png,31,0.95356029
7561,08364.png,25,0.92089474
7562,08370.png,11,0.92204744
7563,08372.png,33,0.93399429
7564,08374.png,9,0.94015527
7565,08375.png,20,0.96330684
7566,08377.png,25,0.94628549
7567,08379.png,9,0.92947733
7568,08381.png,8,0.94064993
7569,08382.png,39,0.98220247
7570,08384.png,9,0.94300663
7571,08387.png,8,0.94169939
7572,08388.png,25,0.91892773
7573,08390.png,3,0.92528999
7574,08393.png,3,0.90319043
7575,08395.png,25,0.93644577
7576,08398.png,19,0.98868227
7577,08400.png,25,0.93495709
7578,08403.png,39,0.99257213
7579,08407.png,3,0.92697036
7580,08409.png,8,0.95569837
7581,08415.png,9,0.86331993
7582,08422.png,27,0.78317511
7583,08423.png,39,0.99082106
7584,08424.png,37,0.98306078
7585,08426.png,3,0.92990625
7586,08427.png,15,0.72382349
7587,08428.png,24,0.98927933
7588,08435.png,31,0.94610578
7589,08437.png,11,0.92377359
7590,08438.png,15,0.94074607
7591,08439.png,15,0.94437313
7592,08441.png,7,0.93543035
7593,08445.png,7,0.94143671
7594,08446.png,11,0.92648202
7595,08447.png,21,0.98717344
7596,08448.png,14,0.95146412
7597,08449.png,24,0.98527390
7598,08452.png,19,0.85302705
7599,08454.png,9,0.90525568
7600,08456.png,41,0.98601151
7601,08460.png,21,0.97141439
7602,08462.png,19,0.73845357
7603,08465.png,25,0.94617170
7604,08466.png,9,0.92497730
7605,08468.png,3,0.90222144
7606,08472.png,8,0.91828239
7607,08473.png,7,0.91924179
7608,08474.png,9,0.92274153
7609,08475.png,14,0.96418345
7610,08476.png,14,0.95515406
7611,08477.png,14,0.94965106
7612,08478.png,7,0.94640410
7613,08482.png,11,0.93588012
7614,08484.png,33,0.93989712
7615,08485.png,11,0.91732490
7616,08488.png,11,0.94422984
7617,08493.png,7,0.94123393
7618,08502.png,15,0.92045128
7619,08504.png,9,0.93232852
7620,08505.png,37,0.98291981
7621,08515.png,7,0.93367296
7622,08516.png,11,0.95301557
7623,08518.png,7,0.93223310
7624,08522.png,9,0.93911332
7625,08524.png,7,0.93963778
7626,08525.png,39,0.99002749
7627,08526.png,7,0.93862236
7628,08527.png,25,0.93626517
7629,08529.png,25,0.93286276
7630,08530.png,15,0.94866103
7631,08540.png,8,0.95221871
7632,08544.png,39,0.98266840
7633,08548.png,14,0.94883829
7634,08552.png,3,0.85050315
7635,08564.png,8,0.92824054
7636,08567.png,8,0.92426306
7637,08573.png,14,0.93917650
7638,08574.png,27,0.97521144
7639,08581.png,31,0.93180001
7640,08583.png,7,0.89897817
7641,08584.png,11,0.93102151
7642,08585.png,27,0.87428337
7643,08586.png,14,0.93686515
7644,08588.png,31,0.94829726
7645,08593.png,11,0.91405040
7646,08597.png,8,0.92953879
7647,08599.png,24,0.98655581
7648,08602.png,3,0.92535460
7649,08606.png,8,0.94003558
7650,08607.png,14,0.93387365
7651,08613.png,31,0.94780761
7652,08618.png,8,0.90803576
7653,08620.png,31,0.93869263
7654,08626.png,15,0.95309168
7655,08627.png,7,0.94990367
7656,08628.png,14,0.94339365
7657,08630.png,15,0.91691130
7658,08639.png,9,0.91803479
7659,08642.png,9,0.93376398
7660,08645.png,9,0.93315917
7661,08646.png,8,0.91048187
7662,08655.png,8,0.93328041
7663,08657.png,31,0.95112437
7664,08659.png,8,0.92887253
7665,08660.png,19,0.99184024
7666,08664.png,11,0.94446832
7667,08672.png,14,0.94671726
7668,08674.png,9,0.90373212
7669,08682.png,31,0.95141780
7670,08683.png,3,0.90943623
7671,08684.png,41,0.99093115
7672,08688.png,25,0.91294104
7673,08690.png,8,0.93247825
7674,08692.png,25,0.91284227
7675,08694.png,8,0.91375202
7676,08696.png,15,0.94336033
7677,08698.png,9,0.91843784
7678,08699.png,11,0.92244208
7679,08700.png,42,0.89678800
7680,08703.png,33,0.91766703
7681,08711.png,41,0.98219395
7682,08716.png,9,0.77260858
7683,08721.png,25,0.91192949
7684,08727.png,41,0.99150240
7685,08729.png,33,0.91865277
7686,08735.png,32,0.97283012
7687,08737.png,15,0.91388094
7688,08740.png,27,0.98107475
7689,08745.png,8,0.92468232
7690,08746.png,24,0.99082363
7691,08747.png,33,0.93272328
7692,08750.png,25,0.88128453
7693,08751.png,31,0.93310255
7694,08752.png,9,0.93518555
7695,08753.png,15,0.91898447
7696,08755.png,9,0.92507470
7697,08757.png,15,0.94537050
7698,08762.png,9,0.91092944
7699,08768.png,15,0.94390827
7700,08769.png,32,0.96842849
7701,08773.png,27,0.95825016
7702,08776.png,9,0.93507791
7703,08785.png,7,0.92074639
7704,08788.png,7,0.92673725
7705,08792.png,25,0.92808104
7706,08793.png,7,0.89802414
7707,08799.png,25,0.92096925
7708,08800.png,8,0.94549739
7709,08805.png,15,0.93852502
7710,08806.png,15,0.94524610
7711,08807.png,11,0.94776022
7712,08809.png,9,0.93527418
7713,08810.png,11,0.89326918
7714,08811.png,8,0.92129910
7715,08812.png,15,0.94531220
7716,08822.png,8,0.93981141
7717,08823.png,3,0.92090797
7718,08828.png,3,0.89859420
7719,08832.png,41,0.95617855
7720,08836.png,25,0.90644675
7721,08843.png,11,0.91014862
7722,08845.png,14,0.95443845
7723,08850.png,8,0.91384745
7724,08852.png,33,0.72659558
7725,08859.png,24,0.98692852
7726,08860.png,9,0.91488081
7727,08864.png,11,0.93314314
7728,08866.png,25,0.94738197
7729,08870.png,15,0.93631685
7730,08871.png,3,0.89844352
7731,08872.png,3,0.93303126
7732,08873.png,25,0.93387282
7733,08874.png,25,0.90126413
7734,08877.png,14,0.95855629
7735,08884.png,14,0.94335085
7736,08888.png,25,0.91534072
7737,08889.png,31,0.95425093
7738,08890.png,32,0.97841030
7739,08894.png,41,0.96742088
7740,08895.png,24,0.97165900
7741,08896.png,15,0.93728697
7742,08898.png,9,0.93011308
7743,08899.png,31,0.93424737
7744,08900.png,31,0.95455760
7745,08906.png,11,0.94334799
7746,08907.png,7,0.94453371
7747,08909.png,31,0.90878177
7748,08914.png,3,0.90243793
7749,08915.png,7,0.89744687
7750,08916.png,9,0.93623984
7751,08923.png,8,0.94277191
7752,08924.png,7,0.91518801
7753,08928.png,3,0.92930466
7754,08930.png,31,0.93121004
7755,08931.png,33,0.96438783
7756,08933.png,21,0.97292149
7757,08936.png,15,0.58482921
7758,08941.png,33,0.94691712
7759,08943.png,25,0.93737024
7760,08948.png,7,0.94106531
7761,08949.png,25,0.90936148
7762,08950.png,9,0.92719543
7763,08952.png,33,0.92587703
7764,08957.png,31,0.92159343
7765,08961.png,3,0.90540576
7766,08964.png,8,0.89184326
7767,08965.png,14,0.96323550
7768,08966.png,19,0.98680961
7769,08971.png,25,0.92730981
7770,08973.png,11,0.92354363
7771,08977.png,3,0.91337174
7772,08978.png,8,0.95237470
7773,08983.png,33,0.93389219
7774,08984.png,21,0.97002876
7775,08986.png,8,0.92964584
7776,08991.png,19,0.98637497
7777,08992.png,9,0.91415697
7778,08994.png,14,0.94078761
7779,08998.png,25,0.96472192
7780,09002.png,11,0.92525339
7781,09003.png,14,0.96278489
7782,09005.png,14,0.95232987
7783,09011.png,3,0.91198575
7784,09012.png,11,0.90608895
7785,09016.png,9,0.86178309
7786,09017.png,11,0.93572909
7787,09022.png,3,0.90748864
7788,09023.png,3,0.91373736
7789,09024.png,32,0.96873707
7790,09025.png,9,0.90439427
7791,09026.png,11,0.92873544
7792,09027.png,7,0.91864151
7793,09030.png,8,0.93861282
7794,09041.png,33,0.95830190
7795,09042.png,3,0.90729058
7796,09043.png,9,0.92640495
7797,09046.png,31,0.93750572
7798,09050.png,3,0.89072561
7799,09055.png,37,0.98901945
7800,09058.png,9,0.91633129
7801,09059.png,15,0.91866547
7802,09060.png,15,0.94799393
7803,09064.png,11,0.94832444
7804,09068.png,11,0.92136115
7805,09071.png,21,0.97834492
7806,09072.png,7,0.94576830
7807,09074.png,33,0.94070363
7808,09076.png,3,0.94368708
7809,09083.png,25,0.92990285
7810,09084.png,3,0.91808552
7811,09094.png,33,0.95342296
7812,09095.png,27,0.99428755
7813,09096.png,3,0.93827760
7814,09099.png,3,0.90010244
7815,09104.png,8,0.91128135
7816,09106.png,11,0.94746500
7817,09107.png,15,0.92011797
7818,09108.png,25,0.89130574
7819,09110.png,7,0.93728322
7820,09111.png,11,0.42241475
7821,09112.png,3,0.90884298
7822,09114.png,25,0.91313690
7823,09115.png,8,0.92230123
7824,09116.png,8,0.91584527
7825,09117.png,0,0.94310230
7826,09126.png,25,0.93087924
7827,09128.png,3,0.88634413
7828,09136.png,24,0.98894662
7829,09139.png,3,0.90127200
7830,09141.png,32,0.97896773
7831,09143.png,8,0.92552561
7832,09145.png,14,0.95577884
7833,09147.png,24,0.99285191
7834,09148.png,25,0.90291697
7835,09157.png,11,0.93307465
7836,09158.png,27,0.94113159
7837,09159.png,32,0.97685856
7838,09160.png,32,0.97454900
7839,09164.png,37,0.98245001
7840,09167.png,31,0.92928022
7841,09174.png,25,0.91808730
7842,09176.png,8,0.94933116
7843,09182.png,24,0.98826957
7844,09184.png,9,0.90671861
7845,09185.png,11,0.94579256
7846,09190.png,11,0.94396538
7847,09192.png,25,0.92025083
7848,09200.png,7,0.93173432
7849,09201.png,32,0.98038208
7850,09206.png,3,0.91888762
7851,09207.png,25,0.95800084
7852,09210.png,7,0.95490634
7853,09211.png,9,0.90788001
7854,09216.png,24,0.99389088
7855,09217.png,37,0.98390031
7856,09221.png,9,0.77027744
7857,09222.png,21,0.94591457
7858,09225.png,25,0.94590467
7859,09228.png,9,0.92742711
7860,09230.png,15,0.92414153
7861,09236.png,7,0.95912719
7862,09243.png,7,0.88773608
7863,09249.png,31,0.95761108
7864,09251.png,8,0.94574308
7865,09258.png,3,0.93580973
7866,09261.png,25,0.92971003
7867,09262.png,8,0.93662024
7868,09264.png,14,0.94770169
7869,09265.png,7,0.92979532
7870,09267.png,21,0.81872505
7871,09268.png,8,0.93709695
7872,09269.png,9,0.93349063
7873,09270.png,21,0.96846414
7874,09278.png,7,0.90773159
7875,09279.png,11,0.92409223
7876,09281.png,15,0.94282550
7877,09290.png,8,0.95276934
7878,09291.png,11,0.92118973
7879,09296.png,25,0.91049027
7880,09300.png,25,0.90763485
7881,09301.png,8,0.94369090
7882,09305.png,11,0.92707700
7883,09307.png,31,0.94408482
7884,09308.png,11,0.93026292
7885,09310.png,37,0.98446769
7886,09312.png,8,0.93790245
7887,09316.png,14,0.92931068
7888,09319.png,8,0.95061976
7889,09321.png,3,0.90860671
7890,09324.png,3,0.92676276
7891,09325.png,8,0.92548233
7892,09330.png,25,0.90645635
7893,09331.png,7,0.91719180
7894,09333.png,9,0.94835114
7895,09338.png,7,0.93015689
7896,09344.png,14,0.94727755
7897,09347.png,3,0.93683481
7898,09352.png,3,0.91451925
7899,09353.png,11,0.92588806
7900,09354.png,15,0.94912714
7901,09359.png,25,0.90434808
7902,09360.png,14,0.94421023
7903,09364.png,39,0.53749478
7904,09366.png,8,0.92317075
7905,09372.png,33,0.90028614
7906,09375.png,14,0.94592613
7907,09378.png,9,0.94037491
7908,09379.png,33,0.93475235
7909,09384.png,14,0.94043320
7910,09388.png,11,0.93376410
7911,09390.png,8,0.90970665
7912,09393.png,8,0.93267876
7913,09396.png,7,0.89673948
7914,09397.png,33,0.96059078
7915,09404.png,31,0.93937802
7916,09409.png,25,0.92676020
7917,09412.png,11,0.91400898
7918,09418.png,27,0.95989865
7919,09423.png,7,0.92320335
7920,09424.png,8,0.94796246
7921,09433.png,31,0.94127637
7922,09436.png,9,0.93966693
7923,09443.png,24,0.99070054
7924,09444.png,3,0.90947556
7925,09452.png,25,0.92544037
7926,09454.png,7,0.93630821
7927,09459.png,3,0.86518401
7928,09462.png,41,0.92472249
7929,09463.png,11,0.94981784
7930,09467.png,33,0.94400746
7931,09475.png,41,0.96849090
7932,09477.png,8,0.92361039
7933,09478.png,25,0.91307282
7934,09482.png,15,0.92208397
7935,09485.png,25,0.93124664
7936,09486.png,8,0.93440282
7937,09490.png,25,0.92170018
7938,09491.png,9,0.93474758
7939,09492.png,19,0.99571425
7940,09495.png,8,0.92000902
7941,09496.png,15,0.95558614
7942,09497.png,25,0.85471040
7943,09498.png,15,0.89962035
7944,09500.png,7,0.93906760
7945,09502.png,11,0.90453649
7946,09506.png,11,0.94371796
7947,09507.png,3,0.90963721
7948,09509.png,27,0.98045015
7949,09527.png,3,0.91043174
7950,09528.png,27,0.94636601
7951,09529.png,9,0.93274575
7952,09532.png,14,0.94803369
7953,09539.png,3,0.90322810
7954,09543.png,32,0.97345340
7955,09547.png,27,0.96089596
7956,09548.png,19,0.99135572
7957,09549.png,11,0.91493368
7958,09551.png,9,0.92970198
7959,09553.png,27,0.94389212
7960,09557.png,15,0.92219234
7961,09559.png,8,0.92384607
7962,09565.png,9,0.92340267
7963,09567.png,14,0.94504642
7964,09575.png,14,0.94046152
7965,09578.png,9,0.96869576
7966,09582.png,3,0.89742416
7967,09583.png,15,0.93795025
7968,09584.png,9,0.94478863
7969,09585.png,14,0.94451022
7970,09589.png,33,0.95715493
7971,09590.png,7,0.86226255
7972,09592.png,3,0.93015611
7973,09599.png,11,0.92461711
7974,09604.png,25,0.89565617
7975,09608.png,31,0.93098038
7976,09619.png,11,0.88639092
7977,09623.png,7,0.93057829
7978,09629.png,14,0.94619614
7979,09633.png,9,0.90378577
7980,09638.png,3,0.83283716
7981,09642.png,14,0.94414806
7982,09643.png,14,0.94578755
7983,09649.png,3,0.91982174
7984,09652.png,8,0.92264652
7985,09654.png,15,0.94240278
7986,09656.png,3,0.89876771
7987,09662.png,9,0.90934414
7988,09663.png,11,0.93252379
7989,09664.png,14,0.95140088
7990,09665.png,25,0.93651044
7991,09669.png,25,0.90540546
7992,09678.png,14,0.95346206
7993,09679.png,3,0.94744039
7994,09685.png,7,0.95174122
7995,09694.png,9,0.69145483
7996,09696.png,7,0.92965889
7997,09697.png,7,0.92194206
7998,09699.png,11,0.92782104
7999,09701.png,8,0.89686173
8000,09702.png,33,0.93566579
8001,09705.png,7,0.92995065
8002,09708.png,3,0.93520778
8003,09711.png,3,0.91268563
8004,09719.png,3,0.93122625
8005,09720.png,33,0.93227088
8006,09721.png,7,0.92624581
8007,09723.png,11,0.90327787
8008,09727.png,11,0.89781004
8009,09729.png,9,0.92190683
8010,09738.png,8,0.93570024
8011,09739.png,3,0.93842298
8012,09740.png,8,0.51676810
8013,09742.png,14,0.94179386
8014,09745.png,3,0.91548437
8015,09746.png,15,0.94271582
8016,09752.png,11,0.90615737
8017,09753.png,25,0.92132175
8018,09756.png,7,0.92471808
8019,09758.png,3,0.93362588
8020,09761.png,7,0.91893840
8021,09762.png,25,0.87701046
8022,09764.png,8,0.93796402
8023,09766.png,31,0.94626063
8024,09767.png,9,0.92475653
8025,09774.png,7,0.95490038
8026,09776.png,25,0.91695935
8027,09777.png,9,0.91851157
8028,09780.png,11,0.92262381
8029,09789.png,9,0.92168713
8030,09790.png,37,0.98176080
8031,09793.png,19,0.98770195
8032,09797.png,11,0.57744819
8033,09799.png,33,0.94220918
8034,09802.png,14,0.95506448
8035,09804.png,25,0.94382870
8036,09812.png,11,0.92723155
8037,09815.png,15,0.91814423
8038,09818.png,25,0.94906175
8039,09821.png,25,0.89816701
8040,09825.png,11,0.93007278
8041,09826.png,9,0.93245858
8042,09827.png,9,0.88687187
8043,09829.png,8,0.93400788
8044,09834.png,19,0.99072570
8045,09843.png,11,0.92234683
8046,09845.png,8,0.94111407
8047,09848.png,37,0.98158193
8048,09849.png,32,0.97177112
8049,09850.png,25,0.89495516
8050,09851.png,8,0.89918238
8051,09853.png,3,0.86197704
8052,09855.png,32,0.97310692
8053,09856.png,25,0.92784280
8054,09861.png,7,0.93923867
8055,09862.png,9,0.91679025
8056,09863.png,8,0.94763821
8057,09864.png,33,0.92411035
8058,09866.png,9,0.89975834
8059,09870.png,3,0.90983939
8060,09874.png,11,0.94291812
8061,09875.png,9,0.89621413
8062,09883.png,3,0.92503411
8063,09889.png,33,0.90496469
8064,09891.png,7,0.94790870
8065,09892.png,33,0.78452832
8066,09895.png,9,0.94035172
8067,09898.png,7,0.93349373
8068,09903.png,9,0.91627753
8069,09913.png,15,0.92393053
8070,09914.png,25,0.91645432
8071,09915.png,8,0.84179342
8072,09918.png,32,0.97651184
8073,09920.png,7,0.91740417
8074,09922.png,7,0.93210793
8075,09931.png,8,0.83890557
8076,09933.png,3,0.92478782
8077,09936.png,19,0.99626666
8078,09938.png,9,0.92630053
8079,09942.png,9,0.92182910
8080,09947.png,3,0.92931545
8081,09949.png,9,0.90834218
8082,09950.png,8,0.93811351
8083,09956.png,8,0.60103363
8084,09958.png,3,0.91220170
8085,09959.png,8,0.92573953
8086,09967.png,3,0.89689744
8087,09971.png,9,0.91115689
8088,09974.png,30,0.96204501
8089,09978.png,9,0.93922645
8090,09979.png,3,0.90683842
8091,09985.png,15,0.90390122
8092,09989.png,8,0.91782165
8093,09998.png,25,0.89858711
8094,10000.png,27,0.95409787
8095,10004.png,25,0.92735392
8096,10008.png,33,0.95243269
8097,10010.png,11,0.88933736
8098,10019.png,11,0.92717332
8099,10031.png,9,0.94789904
8100,10033.png,8,0.93507028
8101,10034.png,25,0.95415759
8102,10036.png,11,0.92363489
8103,10037.png,33,0.93678528
8104,10040.png,9,0.93225253
8105,10041.png,9,0.93970537
8106,10044.png,9,0.92719311
8107,10045.png,8,0.74277544
8108,10046.png,11,0.88915032
8109,10049.png,0,0.96682215
8110,10058.png,3,0.93009657
8111,10064.png,7,0.89581800
8112,10066.png,3,0.90575439
8113,10067.png,25,0.93270856
8114,10070.png,25,0.93232620
8115,10072.png,9,0.90598541
8116,10074.png,11,0.94905192
8117,10076.png,11,0.91681093
8118,10083.png,3,0.91574174
8119,10086.png,7,0.94497383
8120,10087.png,3,0.91063625
8121,10089.png,11,0.93603206
8122,10090.png,25,0.92147517
8123,10091.png,25,0.92004067
8124,10092.png,9,0.90555930
8125,10093.png,3,0.91471094
8126,10095.png,3,0.89667684
8127,10100.png,27,0.97948050
8128,10105.png,7,0.89135802
8129,10107.png,3,0.90792137
8130,10109.png,25,0.92429334
8131,10113.png,11,0.92109817
8132,10114.png,11,0.93294412
8133,10120.png,8,0.94299889
8134,10124.png,11,0.55051321
8135,10131.png,33,0.93970495
8136,10135.png,3,0.60290790
8137,10136.png,7,0.92509019
8138,10143.png,9,0.91484630
8139,10144.png,25,0.93175936
8140,10146.png,15,0.89250767
8141,10148.png,3,0.93123698
8142,10152.png,15,0.94866884
8143,10161.png,8,0.91573411
8144,10165.png,33,0.93074340
8145,10171.png,11,0.89733040
8146,10178.png,15,0.95035374
8147,10179.png,3,0.92525256
8148,10184.png,11,0.93420291
8149,10185.png,3,0.89103824
8150,10187.png,19,0.99420565
8151,10189.png,9,0.93034756
8152,10190.png,11,0.94092113
8153,10192.png,3,0.91147572
8154,10195.png,3,0.91593581
8155,10196.png,33,0.93223143
8156,10200.png,33,0.88084292
8157,10202.png,15,0.92515254
8158,10207.png,7,0.94057673
8159,10219.png,11,0.93448621
8160,10221.png,8,0.92912781
8161,10222.png,15,0.95440876
8162,10227.png,11,0.90916830
8163,10228.png,9,0.89809644
8164,10235.png,8,0.91924351
8165,10239.png,11,0.93711549
8166,10241.png,9,0.92807972
8167,10244.png,7,0.91249961
8168,10245.png,25,0.94980955
8169,10247.png,7,0.90968168
8170,10250.png,41,0.96661961
8171,10257.png,8,0.92231905
8172,10260.png,15,0.93912768
8173,10261.png,7,0.90669900
8174,10262.png,9,0.91591847
8175,10267.png,7,0.92603445
8176,10274.png,33,0.95988774
8177,10279.png,9,0.92303503
8178,10280.png,8,0.94577265
8179,10281.png,37,0.98665464
8180,10285.png,25,0.92298222
8181,10286.png,9,0.90004957
8182,10292.png,41,0.93231750
8183,10293.png,33,0.94675893
8184,10299.png,8,0.90492278
8185,10300.png,7,0.91608864
8186,10305.png,8,0.90838957
8187,10312.png,15,0.94945997
8188,10313.png,9,0.91421813
8189,10314.png,33,0.94782418
8190,10317.png,7,0.94740534
8191,10321.png,9,0.92324847
8192,10322.png,7,0.94844830
8193,10323.png,7,0.93332005
8194,10326.png,33,0.94257551
8195,10327.png,15,0.88560486
8196,10329.png,8,0.90338236
8197,10337.png,11,0.90522045
8198,10339.png,8,0.92854792
8199,10341.png,33,0.94476944
8200,10342.png,9,0.90898812
8201,10343.png,33,0.93676859
8202,10344.png,33,0.92958432
8203,10345.png,9,0.91165215
8204,10346.png,8,0.94860917
8205,10350.png,15,0.94161260
8206,10351.png,11,0.92102587
8207,10356.png,7,0.90985370
8208,10357.png,3,0.91041642
8209,10367.png,27,0.94518602
8210,10368.png,9,0.92372996
8211,10372.png,9,0.93140614
8212,10373.png,25,0.91925973
8213,10376.png,15,0.95286620
8214,10381.png,0,0.85055351
8215,10382.png,25,0.91856086
8216,10383.png,33,0.91787577
8217,10384.png,9,0.71933508
8218,10385.png,11,0.94458193
8219,10386.png,11,0.90320337
8220,10389.png,39,0.61667776
8221,10400.png,7,0.95173281
8222,10404.png,7,0.93563241
8223,10406.png,0,0.96937907
8224,10407.png,25,0.93632406
8225,10414.png,37,0.98598170
8226,10416.png,32,0.97869509
8227,10417.png,32,0.97427070
8228,10419.png,41,0.98198986
8229,10423.png,25,0.90798056
8230,10427.png,8,0.94840640
8231,10428.png,9,0.92105633
8232,10431.png,25,0.93086261
8233,10434.png,9,0.95297885
8234,10437.png,25,0.92059451
8235,10441.png,8,0.92603791
8236,10442.png,25,0.92120492
8237,10445.png,25,0.90437400
8238,10448.png,11,0.90625870
8239,10449.png,3,0.91780007
8240,10452.png,9,0.81028980
8241,10456.png,9,0.90328157
8242,10458.png,7,0.93387198
8243,10464.png,8,0.94436538
8244,10468.png,8,0.94598043
8245,10481.png,25,0.93141443
8246,10483.png,25,0.91976517
8247,10486.png,7,0.91003728
8248,10490.png,8,0.93087739
8249,10497.png,3,0.95020872
8250,10498.png,3,0.92593777
8251,10504.png,9,0.91211712
8252,10505.png,3,0.91274065
8253,10508.png,3,0.90149719
8254,10514.png,9,0.94243169
8255,10516.png,7,0.93507755
8256,10517.png,15,0.93379802
8257,10518.png,32,0.97570670
8258,10523.png,3,0.90379387
8259,10524.png,25,0.93024129
8260,10525.png,8,0.92818236
8261,10531.png,9,0.90301573
8262,10533.png,11,0.93245298
8263,10535.png,25,0.93880790
8264,10536.png,0,0.84181303
8265,10538.png,15,0.92357415
8266,10541.png,11,0.94580495
8267,10550.png,9,0.92360407
8268,10553.png,25,0.93959677
8269,10555.png,3,0.93676460
8270,10557.png,11,0.92570996
8271,10566.png,30,0.75691491
8272,10567.png,8,0.93971729
8273,10568.png,8,0.93872732
8274,10570.png,11,0.89350003
8275,10579.png,25,0.93660885
8276,10587.png,11,0.93753809
8277,10592.png,25,0.94318575
8278,10595.png,7,0.91865230
8279,10596.png,25,0.89944708
8280,10604.png,25,0.94006056
8281,10605.png,9,0.93077254
8282,10607.png,3,0.91508359
8283,10608.png,8,0.92958909
8284,10610.png,33,0.94201112
8285,10616.png,11,0.94731671
8286,10618.png,9,0.93025297
8287,10620.png,3,0.91514790
8288,10625.png,9,0.92255151
8289,10626.png,9,0.91875601
8290,10627.png,11,0.94422168
8291,10628.png,8,0.96085501
8292,10629.png,3,0.90877593
8293,10634.png,9,0.93261093
8294,10639.png,8,0.91709054
8295,10647.png,3,0.89397424
8296,10655.png,25,0.90430224
8297,10658.png,25,0.92737472
8298,10667.png,7,0.93303698
8299,10669.png,25,0.89160502
8300,10675.png,25,0.92780870
8301,10680.png,3,0.93171918
8302,10681.png,11,0.94897449
8303,10682.png,25,0.91003865
8304,10685.png,11,0.94889808
8305,10686.png,25,0.92563498
8306,10693.png,8,0.92455178
8307,10698.png,41,0.93494207
8308,10699.png,25,0.92811120
8309,10701.png,9,0.92191106
8310,10703.png,8,0.92462945
8311,10716.png,25,0.92194259
8312,10726.png,3,0.91821444
8313,10731.png,33,0.95048726
8314,10736.png,25,0.92861497
8315,10739.png,15,0.94479638
8316,10740.png,8,0.93553567
8317,10744.png,3,0.88422740
8318,10745.png,32,0.97272217
8319,10747.png,7,0.93269372
8320,10755.png,15,0.94603932
8321,10759.png,25,0.91809273
8322,10763.png,11,0.90931106
8323,10773.png,9,0.90196615
8324,10783.png,7,0.89393753
8325,10785.png,33,0.93130141
8326,10788.png,8,0.95381093
8327,10791.png,7,0.90449142
8328,10792.png,9,0.91048115
8329,10793.png,9,0.89867622
8330,10795.png,11,0.95002878
8331,10798.png,3,0.90237540
8332,10799.png,33,0.91840744
8333,10801.png,8,0.93063664
8334,10804.png,9,0.93338943
8335,10806.png,33,0.93866646
8336,10807.png,3,0.91561276
8337,10818.png,11,0.93991542
8338,10819.png,9,0.92182100
8339,10820.png,7,0.91952723
8340,10824.png,25,0.94320184
8341,10826.png,7,0.93490314
8342,10831.png,3,0.90686214
8343,10836.png,15,0.93334633
8344,10838.png,3,0.91882282
8345,10840.png,11,0.95266545
8346,10842.png,3,0.93884099
8347,10852.png,11,0.93504035
8348,10854.png,8,0.92321086
8349,10856.png,25,0.93336433
8350,10857.png,3,0.89405513
8351,10861.png,11,0.92854393
8352,10863.png,11,0.93414134
8353,10864.png,3,0.92509192
8354,10865.png,11,0.92456931
8355,10866.png,25,0.94779718
8356,10867.png,9,0.91458738
8357,10873.png,9,0.91729194
8358,10876.png,9,0.94095773
8359,10878.png,27,0.82710880
8360,10881.png,3,0.89881134
8361,10889.png,9,0.91058403
8362,10891.png,7,0.93755782
8363,10892.png,41,0.96505415
8364,10893.png,25,0.93635410
8365,10896.png,15,0.89385515
8366,10897.png,3,0.90485477
8367,10902.png,3,0.92088604
8368,10904.png,8,0.85478348
8369,10910.png,41,0.96964443
8370,10913.png,11,0.92319989
8371,10914.png,15,0.91461599
8372,10915.png,3,0.90809870
8373,10925.png,3,0.92273504
8374,10929.png,7,0.89555305
8375,10933.png,11,0.94173276
8376,10937.png,8,0.93077916
8377,10943.png,9,0.93598258
8378,10944.png,8,0.92757857
8379,10945.png,25,0.94233918
8380,10948.png,11,0.90041083
8381,10949.png,11,0.93348032
8382,10958.png,3,0.91357350
8383,10965.png,3,0.92281795
8384,10966.png,8,0.93004346
8385,10980.png,37,0.98402816
8386,10984.png,7,0.92696327
8387,10988.png,3,0.89387953
8388,10990.png,15,0.94112998
8389,10991.png,3,0.92524695
8390,10994.png,3,0.91431558
8391,11000.png,7,0.93103606
8392,11001.png,8,0.91233534
8393,11002.png,19,0.98406237
8394,11003.png,9,0.92098081
8395,11007.png,7,0.95176291
8396,11014.png,9,0.93212545
8397,11015.png,8,0.91400379
8398,11016.png,3,0.92845380
8399,11017.png,3,0.78560287
8400,11019.png,11,0.95058173
8401,11020.png,33,0.93182683
8402,11022.png,11,0.93308687
8403,11023.png,8,0.93243545
8404,11027.png,3,0.92341840
8405,11029.png,25,0.92687702
8406,11030.png,7,0.92710447
8407,11031.png,7,0.90677655
8408,11034.png,25,0.95125920
8409,11036.png,25,0.94573426
8410,11037.png,9,0.92349291
8411,11039.png,11,0.91050184
8412,11042.png,25,0.88412726
8413,11045.png,19,0.98516083
8414,11046.png,3,0.92774767
8415,11050.png,11,0.93266052
8416,11051.png,7,0.91471612
8417,11058.png,7,0.92059714
8418,11059.png,9,0.93842781
8419,11062.png,8,0.94454223
8420,11066.png,3,0.93037260
8421,11071.png,9,0.92325902
8422,11075.png,7,0.92789191
8423,11078.png,7,0.93971854
8424,11082.png,8,0.93110842
8425,11085.png,15,0.93683833
8426,11086.png,37,0.98059249
8427,11088.png,8,0.92258662
8428,11101.png,11,0.92735291
8429,11111.png,3,0.91755551
8430,11112.png,3,0.95186883
8431,11115.png,37,0.97422409
8432,11122.png,3,0.90699929
8433,11129.png,15,0.89248431
8434,11135.png,9,0.93775421
8435,11138.png,7,0.93624610
8436,11144.png,11,0.86529565
8437,11145.png,8,0.93058103
8438,11146.png,32,0.97810304
8439,11150.png,33,0.94057149
8440,11155.png,3,0.90656960
8441,11162.png,11,0.91614497
8442,11163.png,7,0.92180854
8443,11168.png,33,0.93446559
8444,11169.png,8,0.93768197
8445,11180.png,9,0.93396747
8446,11181.png,9,0.91807997
8447,11182.png,11,0.92718303
8448,11184.png,3,0.92487401
8449,11186.png,8,0.92731732
8450,11188.png,7,0.92877835
8451,11199.png,9,0.88333243
8452,11201.png,41,0.98235035
8453,11202.png,3,0.83937490
8454,11203.png,11,0.92546868
8455,11204.png,3,0.92115980
8456,11205.png,15,0.94930935
8457,11207.png,32,0.97891939
8458,11210.png,8,0.93188089
8459,11213.png,3,0.88920820
8460,11218.png,11,0.91951144
8461,11222.png,7,0.93208849
8462,11227.png,7,0.92727429
8463,11230.png,32,0.97609556
8464,11232.png,33,0.91594297
8465,11238.png,5,0.66976750
8466,11243.png,11,0.94159049
8467,11249.png,8,0.92941910
8468,11250.png,7,0.93391150
8469,11255.png,3,0.92015797
8470,11258.png,8,0.95153493
8471,11260.png,9,0.91850901
8472,11261.png,41,0.98751217
8473,11268.png,11,0.70872378
8474,11269.png,7,0.92030001
8475,11270.png,8,0.87214166
8476,11276.png,9,0.91550076
8477,11285.png,7,0.92546010
8478,11290.png,7,0.92858988
8479,11302.png,7,0.92305619
8480,11303.png,11,0.91151303
8481,11308.png,32,0.98441887
8482,11309.png,7,0.92263162
8483,11310.png,8,0.95352614
8484,11312.png,11,0.94542789
8485,11321.png,11,0.93897760
8486,11329.png,7,0.94145393
8487,11332.png,11,0.92294109
8488,11343.png,7,0.92751068
8489,11346.png,3,0.91392434
8490,11354.png,15,0.93331271
8491,11361.png,5,0.65380406
8492,11364.png,15,0.92596895
8493,11366.png,27,0.86236209
8494,11383.png,7,0.91676790
8495,11396.png,11,0.93903595
8496,11397.png,8,0.90988863
8497,11399.png,3,0.91762716
8498,11414.png,41,0.96082991
8499,11415.png,27,0.64005792
8500,11417.png,3,0.91916776
8501,11418.png,11,0.93388158
8502,11423.png,7,0.93623054
8503,11442.png,3,0.90662760
8504,11444.png,8,0.92590135
8505,11447.png,15,0.90989214
8506,11449.png,11,0.74991643
8507,11450.png,19,0.98857170
8508,11453.png,19,0.99281329
8509,11460.png,8,0.92447299
8510,11465.png,8,0.92955458
8511,11471.png,8,0.94129658
8512,11481.png,32,0.97867775
8513,11485.png,33,0.94792509
8514,11486.png,11,0.90404576
8515,11487.png,3,0.90130073
8516,11489.png,3,0.90891880
8517,11497.png,41,0.94876844
8518,11498.png,15,0.86333162
8519,11508.png,8,0.81660050
8520,11516.png,19,0.99044085
8521,11518.png,37,0.98608601
8522,11524.png,8,0.91359305
8523,11527.png,33,0.94136775
8524,11532.png,11,0.94676983
8525,11534.png,7,0.91361803
8526,11544.png,33,0.94689560
8527,11547.png,37,0.99022830
8528,11549.png,11,0.92247188
8529,11556.png,8,0.92999119
8530,11559.png,8,0.92696381
8531,11570.png,15,0.93265593
8532,11571.png,33,0.96179324
8533,11572.png,8,0.91034579
8534,11600.png,8,0.91884136
8535,11606.png,7,0.92535555
8536,11608.png,7,0.94871616
8537,11610.png,7,0.94766861
8538,11618.png,7,0.87871397
8539,11619.png,8,0.71239012
8540,11629.png,7,0.94472182
8541,11630.png,8,0.91651410
8542,11631.png,7,0.91691041
8543,11637.png,3,0.93553609
8544,11639.png,33,0.92688239
8545,11641.png,15,0.93800157
8546,11648.png,15,0.91151136
8547,11649.png,11,0.92854762
8548,11650.png,3,0.91792250
8549,11654.png,11,0.84077543
8550,11662.png,37,0.97369814
8551,11663.png,7,0.93300843
8552,11670.png,11,0.92423958
8553,11675.png,3,0.94398028
8554,11676.png,3,0.90726751
8555,11682.png,7,0.94518930
8556,11684.png,7,0.94078279
8557,11691.png,3,0.92438358
8558,11692.png,3,0.91364419
8559,11705.png,33,0.97171044
8560,11708.png,3,0.90555930
8561,11710.png,33,0.92655516
8562,11713.png,8,0.90951544
8563,11718.png,0,0.76981443
8564,11724.png,3,0.90003955
8565,11727.png,33,0.97827369
8566,11731.png,11,0.94094855
8567,11735.png,15,0.90797788
8568,11740.png,8,0.94518900
8569,11742.png,8,0.92918420
8570,11752.png,8,0.95609647
8571,11753.png,3,0.91199011
8572,11761.png,3,0.92214710
8573,11766.png,3,0.89272231
8574,11771.png,0,0.96834791
8575,11778.png,3,0.93366289
8576,11779.png,3,0.90685475
8577,11789.png,11,0.92678046
8578,11790.png,0,0.91389865
8579,11791.png,8,0.91811705
8580,11792.png,8,0.94678760
8581,11798.png,3,0.90860152
8582,11801.png,11,0.93359804
8583,11804.png,0,0.86197525
8584,11806.png,8,0.88540417
8585,11808.png,19,0.99141639
8586,11810.png,33,0.89421797
8587,11812.png,0,0.78145468
8588,11814.png,8,0.94210392
8589,11827.png,33,0.93834317
8590,11846.png,15,0.84447575
8591,11847.png,33,0.93809879
8592,11848.png,33,0.94805312
8593,11851.png,27,0.95150816
8594,11858.png,33,0.94842130
8595,11863.png,11,0.93077439
8596,11873.png,0,0.96723849
8597,11882.png,8,0.92071575
8598,11887.png,3,0.90921217
8599,11889.png,41,0.98480207
8600,11902.png,15,0.93380040
8601,11917.png,3,0.91556889
8602,11924.png,3,0.92330539
8603,11928.png,11,0.87626082
8604,11931.png,33,0.97037280
8605,11938.png,3,0.90722352
8606,11951.png,3,0.92248935
8607,11952.png,3,0.91280288
8608,11967.png,11,0.93221277
8609,11988.png,3,0.92280281
8610,11990.png,11,0.66708767
8611,11993.png,11,0.94043523
8612,12001.png,3,0.92099452
8613,12011.png,3,0.92858636
8614,12021.png,15,0.93499762
8615,12056.png,3,0.90757191
8616,12057.png,41,0.98877490
8617,12060.png,37,0.98365456
8618,12062.png,33,0.93791652
8619,12076.png,37,0.98390824
8620,12089.png,3,0.93011749
8621,12093.png,33,0.93499649
8622,12105.png,19,0.99396628
8623,12109.png,11,0.93024760
8624,12121.png,15,0.94056314
8625,12127.png,32,0.98053026
8626,12162.png,15,0.93401903
8627,12186.png,11,0.92242455
8628,12210.png,11,0.93961453
8629,12223.png,19,0.99358588
8630,12235.png,11,0.92752874
8631,12243.png,15,0.95605642
8632,12248.png,15,0.92501563
8633,12291.png,11,0.92460018
8634,12293.png,19,0.99227905
8635,12330.png,15,0.92554605
8636,12341.png,37,0.98313749
8637,12342.png,11,0.93124765
8638,12345.png,19,0.99445492
8639,12349.png,37,0.98855609
8640,12352.png,33,0.92921168
8641,12362.png,11,0.92210716
8642,12374.png,30,0.57717866
8643,12380.png,33,0.93373042
8644,12382.png,11,0.74318761
8645,12385.png,11,0.94519794
8646,12386.png,15,0.90811473
8647,12407.png,41,0.96656370
8648,12422.png,11,0.91737616
8649,12423.png,41,0.96491241
8650,12432.png,33,0.94629639
8651,12441.png,15,0.94211841
8652,12448.png,15,0.94946736
8653,12454.png,32,0.97376698
8654,12456.png,33,0.90359914
8655,12478.png,19,0.98836505
8656,12496.png,33,0.94280535
8657,12498.png,32,0.97444248
8658,12511.png,33,0.93872637
8659,12517.png,15,0.92665249
8660,12524.png,33,0.91273957
8661,12527.png,15,0.91946566
8662,12528.png,33,0.92648816
8663,12569.png,11,0.59426600
8664,12572.png,15,0.93333501
8665,12577.png,11,0.93845397
8666,12584.png,11,0.92735559
8667,12611.png,11,0.94600087
8668,12614.png,0,0.92091131
8669,12626.png,33,0.93827432
